-- phpMyAdmin SQL Dump
-- version 5.2.0
-- https://www.phpmyadmin.net/
--
-- Host: 127.0.0.1
-- Generation Time: Aug 31, 2022 at 11:26 AM
-- Server version: 10.4.24-MariaDB
-- PHP Version: 8.1.6

SET SQL_MODE = "NO_AUTO_VALUE_ON_ZERO";
START TRANSACTION;
SET time_zone = "+00:00";


/*!40101 SET @OLD_CHARACTER_SET_CLIENT=@@CHARACTER_SET_CLIENT */;
/*!40101 SET @OLD_CHARACTER_SET_RESULTS=@@CHARACTER_SET_RESULTS */;
/*!40101 SET @OLD_COLLATION_CONNECTION=@@COLLATION_CONNECTION */;
/*!40101 SET NAMES utf8mb4 */;

--
-- Database: `db_finalproject`
--

-- --------------------------------------------------------

--
-- Table structure for table `brands`
--

CREATE TABLE `brands` (
  `id` int(11) UNSIGNED NOT NULL,
  `name` varchar(30) NOT NULL,
  `status` tinyint(1) NOT NULL,
  `img` longtext DEFAULT NULL
) ENGINE=InnoDB DEFAULT CHARSET=utf8mb4;

--
-- Dumping data for table `brands`
--

INSERT INTO `brands` (`id`, `name`, `status`, `img`) VALUES
(1, 'UNIQLO', 1, '[\"images/UNIQLO_logo.svg.png\"]');

-- --------------------------------------------------------

--
-- Table structure for table `categories`
--

CREATE TABLE `categories` (
  `id` int(11) UNSIGNED NOT NULL,
  `name` varchar(30) NOT NULL,
  `description` varchar(50) DEFAULT NULL
) ENGINE=InnoDB DEFAULT CHARSET=utf8mb4;

--
-- Dumping data for table `categories`
--

INSERT INTO `categories` (`id`, `name`, `description`) VALUES
(1, 'category 1', 'test'),
(2, 'Test', 'test desctiption ');

-- --------------------------------------------------------

--
-- Table structure for table `orders`
--

CREATE TABLE `orders` (
  `id` int(11) UNSIGNED NOT NULL,
  `note` varchar(50) DEFAULT NULL,
  `user_id` int(11) UNSIGNED NOT NULL,
  `finalPrice` int(11) NOT NULL,
  `status` tinyint(1) NOT NULL,
  `date_created` timestamp NULL DEFAULT NULL,
  `date_modified` timestamp NULL DEFAULT NULL
) ENGINE=InnoDB DEFAULT CHARSET=utf8mb4;

--
-- Dumping data for table `orders`
--

INSERT INTO `orders` (`id`, `note`, `user_id`, `finalPrice`, `status`, `date_created`, `date_modified`) VALUES
(8, 'test tạo order', 1, 100000, 1, '2022-08-15 05:19:32', '2022-08-30 02:37:54'),
(10, '                                                  ', 2, 0, 0, '2022-08-30 12:06:41', '2022-08-30 12:20:07'),
(11, '                                    test order 3  ', 1, 0, 0, '2022-08-30 12:17:26', '2022-08-30 12:19:50');

-- --------------------------------------------------------

--
-- Table structure for table `order_details`
--

CREATE TABLE `order_details` (
  `id` int(11) UNSIGNED NOT NULL,
  `product_id` int(11) UNSIGNED NOT NULL,
  `quantity` int(11) UNSIGNED NOT NULL,
  `order_id` int(11) UNSIGNED NOT NULL
) ENGINE=InnoDB DEFAULT CHARSET=utf8mb4;

--
-- Dumping data for table `order_details`
--

INSERT INTO `order_details` (`id`, `product_id`, `quantity`, `order_id`) VALUES
(3, 2, 1, 8),
(4, 2, 3, 8),
(5, 2, 4, 8),
(6, 9, 4, 8),
(7, 2, 5, 10),
(8, 2, 3, 11),
(9, 3, 4, 11),
(10, 6, 6, 10),
(11, 9, 1, 10);

-- --------------------------------------------------------

--
-- Table structure for table `products`
--

CREATE TABLE `products` (
  `id` int(11) UNSIGNED NOT NULL,
  `name` varchar(30) NOT NULL,
  `img` longtext CHARACTER SET utf8mb4 COLLATE utf8mb4_bin DEFAULT NULL CHECK (json_valid(`img`)),
  `description` longtext DEFAULT NULL,
  `brand_id` int(11) UNSIGNED DEFAULT NULL,
  `manufacturerCountry` varchar(50) DEFAULT NULL,
  `tax` int(11) DEFAULT NULL,
  `basePrice` int(11) DEFAULT NULL,
  `category_id` int(11) UNSIGNED NOT NULL
) ENGINE=InnoDB DEFAULT CHARSET=utf8mb4;

--
-- Dumping data for table `products`
--

INSERT INTO `products` (`id`, `name`, `img`, `description`, `brand_id`, `manufacturerCountry`, `tax`, `basePrice`, `category_id`) VALUES
(2, 'test Product', '[\"images/\"]', '<p>NEEDS OF WISDOM&reg;</p>\r\n<p>Streetwear</p>\r\n<p>Based in Saigon</p>\r\n<p>Made in Vietnam</p>\r\n<p><strong>Hệ Thống Cửa H&agrave;ng</strong></p>\r\n<p>- CN 1: 445 Sư Vạn Hạnh, P.12, Q.10&nbsp;</p>\r\n<p>- CN 2: 48 Trần Quang Diệu, P.14, Q.3</p>\r\n<p>- CN 3: 463 Quang Trung, P.10, Q. G&ograve; Vấp</p>\r\n<p>- CN 4: 350 Điện Bi&ecirc;n Phủ, P.17, Q. B&igrave;nh Thạnh (GTOWN 1)</p>\r\n<p>- CN 5: 136 Nguyễn Hồng Đ&agrave;o, P14, Q. T&acirc;n B&igrave;nh (GTOWN 2)</p>\r\n<p>- CN 6: TNP - 26 L&yacute; Tự Trọng, P. Bến Ngh&eacute;, Q.1.</p>\r\n<p>- CN 7: TNP (Sense Market) - Đối Diện Số 90 L&ecirc; Lai,&nbsp;P. Bến Ngh&eacute;, Q.1.</p>\r\n<p>- CN 8:&nbsp;PG2-08 Shophouse Vincom, Đường 30/4, P.Xu&acirc;n Kh&aacute;nh, Q. Ninh Kiều, Cần Thơ.</p>\r\n<p>- CN 9:&nbsp;PG2-06&nbsp;Shophouse Vincom, 1096 Phạm Văn Thuận, P. T&acirc;n Mai, TP. Bi&ecirc;n Ho&agrave;.</p>\r\n<p>Viet Street Culture x Streetwear</p>\r\n<p>SIZE CHART</p>\r\n<p><img src=\"data:image/jpeg;base64,UklGRuidAABXRUJQVlA4INydAABwKASdASoUB8sGPgQBIwAACJaW78fJnl6///c/c1Vt/vpP8r/kH8k/o36afsD/gfr/27/L/7Z+o/9T/2n+H9z/xD47+Uf2v9R/7B/t/8N9934T+5/k35QuhP9V+XHub/D/pN8r/q/+M/r39S/4f+Y/B38f/Lvw4/Y/+9+5fyX/Sfxp/KT7BfxH+H/zH+x/4H+0f13/kf7b3Q/77uVM3/2P+s/yvsBeo/yT+xf2r/Gf3T+7/97/W/VF7v/QvxU/nHwV+Tf2H+0/jh+//4Afw7+Nf0/+xf4j/Ef3D/8fR/+1/z/kPfUP9d/t/8/8AP8S/mn92/tX+l/x/95//v+5+j3+J/uf+V/1X9k/+3+y+In5N/ZP8j/hP8j/tP75///+j+gn8S/k/9o/s3+R/0f9w//n+++6n7//mz+0P/L/PL6Ff1B/0f5v/v///whX8CCMMMNvNMV9Ko46vo5yM5XEGldELfw4vGudOLg4IXqUH9onnFwcEL1KD+0Tzi4OCF6lB/aJ5xcHBC9Sg/tE84uDghepQf2icMr/0A8e7orDNgSdraHr3X0Ca6Gi2GeXWfBXGFVfOibJ4nnFwcEL1KD+0Tzi4OCF6lB/aJ5xcHBC9Sg/tE84uDghepQf2iecXBwQvUoOhXD3/MabTjzK4z/INpIPz0nfwC9HykWqxkmVoV/cC3WkoHBC9Sg/tE84uDghepQf2iecXBwQvUoP7RPOLg4IXqUH9onnFwcEL1KD+0TyHVOpgouXC4tnnwA/92RWblZiQ9n3ESpCkuizBoK23nFwcEL1KD+0Tzi4OCF6lB/aJ5xcHBC9Sg/tE84uDghepQf2iecXBwQvUoP7RPIU3l0pUm9xM/oxWQj44d0cIIkthS1e5PTi4OCF6lB/aJ5xcHBC9Sg/tE84uDghepQf2iecXBwQvUoP7RPOLg4IXqUH9onnFwcEL1KD+0Tzi4OCF6lB/aJ5xcHBC9Sg/tE84uDghepQf2iecXBwQvUoP7RPOLg4IXqUH9onnFwcEL1KD+0Tzi4OCF6lB/aJ5xcHBC9Sg/tE84uDghepQf2iecXBwQvUoP7RPOLg3w21sKJmm0q+uNpV9cbSr642lX1xtKvrjaVfXG0q+uNpV9cbSr642lX1xtKvrjaVfXG0q+uNpV9cbSr642lX1xtKvrjaVfXG0q+uNpV9cbSr642lX1xtKvrjaVfXG0q+uNpV9cbSr642lX1tFKvrjaVfXG0q+uNpV9cbSr642lX1xtKvrjaVfXG0q+uNpV9cbSr642lX1xtKvrjaVfXG0q+uNpV9cbSr642lX1xtKvrjaVfXG0q+uNpV9cbSr642lX1xtKvrjaVfXG0q+uNpV9cbcU4uDghepQf2iecXBwQvUoP7RPOLg4IXqUH9onnFwcEL1KD+0Tzi4OCF6lB/aJ5xcHBC9Sg/tE84uDghepQf2iecXBwQvUoP7RPOLg4IXqUH9onnFwcEL1KD+0Tzi4OCF6lB/aJ5xcHBC9Sg/tE84uDghepQf2iecXBwQvUoP7RPOLg4IXqUH9onnFwcEL1KD+0Tzi4OCF6lB/aJ5xcHBC9Sg/tE84uDghepQf2iecXBwQvUoP7RPOLg4IXqUH9onnFwcEL1KD+0Tzi4OCF6lB/aJ5xcHBC9Sg/tE84uDghepQf2iecXBwQvUoP7RPOLg4IXqUH9onnFwcEL1KD+0Tzi4OCF6lB/aJ5xcHBC9Sg/tE84uDghepQf2iecXBwQvUoP7RPOLg4IXqUH9onnFwcEL1KD+0Tzi4OCF6lB/aJ5xcHBC9Sg/tE84uDghepQf2iecXBwQvUoP7RPOLg4IXqUH9onnFwcEL1KD+0Tzi4OCF6lB/aJ5xcHBC9Sg/tE84uDghepQf2iecXBwQvUoP7RPOLg4IXqUH9onnFwcEL1KD+0Tzi4OCF6lB/aJ5xcHBC9Sg/tE84uDghepQf2iecXBwQvUoP7RPOLg4IXqUH9onnFwcEL1KD+0Tzi4OCF6lB/aJ5xcHBC9Sg/tE84uDghepQf2iecXBwQvUoP7RPOLg4IXqUH9onnFwcEL1KD+0Tzi4OCF6lB/aJ5xcHBC9Sg/tE84uDghepQf2iecXBwQvUoP7RPOLg4IXqUH9onnFwcEL1KD+0Tzi4OCF6lB/aJ5xcHBC9Sg/tE84uDghepQf2iecXBwQvUoP7RPOLg4IXqUH9onnFwcEL1KD+0Tzi4OCF6lB/aJ5xcHBC9Sg/tE84uDghepQf2iecXBwQvUoP7RPOLg4IXqUH9onnFwcEL1KD+0Tzi4OCF6lB/aJ5xcHBC9Sg/tE84uDghepQf2iecXBwQvUoP7RPOLg4IXqUH9onnFwcEL1KD+0Tzi4OCF6lB/aJ5xcHBC9Sg/tE84uDghepQf2iecXBwQvUoP7RPOLg4IXqUH9onnFwcEL1KD+0Tzi4OCF6lB/aJ5xcHBC9Sg/tE84uDghepQf2iecXBwQvUoP7RPOLg4IXqUH9onnFwcEL0/QsjvpDnjID4lVDMxwF2o8pzNFa7N/E63KoTiTKD+0Tzi1FN7SUDghepQf2iecXBwQvUoP7RPOLg4IXqUH9onnFwcEL1KD+0TzbNis2L/987ZJOKrllimYsqKlfyfm2widEK88H8LamAdlazN3SfHje4CwneED456fACFTQsnyFYEQ43aBhUH9onm3AwE3zngawskXBC9Sg/tE84uDghepQf2iecXBwQvUoP7RPOLg4IXqUH9onnEi50Gt+/KOCJkWgi7APbVxlsjAdXNIi3JRjO+NiN1UE6I0XVpFd0fH6AI81Q5ch7GN3+awglSUIQkWO5FXgVpKBwQtsM+TFB/aJ5xcHBC9Sg/tE84uDghepQf2iecXBwQvUoP7RPOLg4IW2Jqr0uwoiOxyTDOIxi4AUX1xP5pfxjjjTbmKNTlK0xfVES+ZTvcDVjOo/LA0PKFl6lB/Z126J5xcHBC9Sg/tE84uDghepQf2iecXBwQvUoP7RPOLg4IXqT/O2mBDuK5h/Z0ImtNM4WIGuSJqfQhjd3b6icR/CKBnv9tZyZxXoJy+SCRdqyd0JX/WcE8A6ghepKmtQf2iecXBwQvUoP7RPOLg4IXqUH9onnFwcEL1KD+0Tzi4OBk4cpaNcWqblZM2uRDCyee4/4jATuY3Sv0A/BwQtxlm1YRlLESeJ5uIIkoHBC9Sg/tE84uDghepQf2iecXBwQvUoP7RPOLg4IXqUH6xMxyksq+hU30f9onnFwcEL1KDo1unH8qPdXgqjQlA4IOr1wQvUoP7RPOLg4IXqUH9onnFwcEL1KD+0Tzi4OCF6lB/aJw6GzuHggAFkuQIZ76JKBwQvUoP7ROAEK9BoC+Jjrn9UkoBxcGeXJQOCF6lB/aJ5xcHBC9Sg/tE84uDghepQf2iecXBwQvUoP0nJap+N22HET9FPfSJnwvUoP7RPOLgzeBSx37IwsLHOLUD9s6yg/rHJB/aJ5xcHBC9Sg/tE84uDghepQf2iecXBwQvUoP7RPOLgzIXl2ggadsk/qxIXFVEOCF6lB/aJ5t1Z7NeLxZMCM9B6k1JzZO67dE84uDghepQf2iecXBwQvUoP7RPOLg4IXqUH9onnFwcEGgRj0Exo9H4+AiIESUDghepQf1bBptwZutlK/w/C4M8uSgcEL1KD+0Tzi4OCF6lB/aJ5xcHBC9Sg/tE84uDghepP/TaCEZucHN4gkk6NwcEL1KD+0ThJnMmumicGCl1JKwfwN8j6CF6lB/aJ5xcHBC9Sg/tE84uDghepQf2iecXBwQvUoP6vEb3nc5HuDmTuhRnLNwcWJ/Nf4ajgVKvrjaVfXG0q+uNpV9cXKxaUB7RgmyE6GldaRTmnpDg2uLmpqNPblZPE84uDghepQf2iecXBwQvUoP7RPOLg4IXqUH9onkH8hiyzesXBvfXZlE9OLg4IXqUH9W4Hq4N71EsLD6D5Jm7V9Cg7k6KhdAyEOfpVvOLg4IXqUH9onnFwcEL1KD+0Tzi4OCF6lB/aJ5xaqN4z+EoG6ROeq/dPNt5rySi4N7+J9kn+oP03pW1Mj4iyLZm/MHwXOq/sG4nr2rGFp1MyEkNadK+gg4FeNo1QdEbDyO745aUjFrAb/kqvg4IXqUH9onnFwcEL1KD+0Tzi4OCF6lB/aJ5xcHBC9ST4TqarkazLVIpbc6INVlB+iMu0C3NfF/oAhMEIymhzwQqwX5+ja/QetmBax5rCXSNIOBmdzHGjsav2mp//SZI6+fI6w4JBXLLIcXyeGF+FvSg/tE84uDghepQf2iecXBwQvUoP7RPOLg4IXqUH9onCye2skKJoQe2ekIjkrJ4nnFwcEL0/yPzmYFVN4TlhgJ+DgaV9RhDgaOD1ual/Z02TxPOLg4IXqUH9onnFwcEL1KD+0Tzi4OCF6lB/aJ5xI7mapt3Sqt4BdTWMeYf2iecXBwQvT/xd+XFJ1sLYsWF+2LjZPE4w8DkiSb0H/8yF2fPSKxCTKD+0Tzi4OCF6lB/aJ5xcHBC9Sg/tE84uDghepQf2ieQxeSgturVF6XHKQbCwSZQf2iecXBwMtHcYhW99/Jj3EnD/aJ5uH/ZQYwTfNSALblOmplB/aJ5xcHBC9Sg/tE84uDghepQf2iecXBwQvUoP7RPOLf6Sdg8Tzi4OCF6k/6zxF44uDghbx1gkTgwY5dYMpFZpm0oz2NrdflwQvUoP7RPOLg4IXqUH9onnFwcEL1KD+0Tzi4OCF6lB+kF8bghepQf2iecWqJH/KXBwQvNV8WOlg0E5PEG6rCKD+0Tzi4OCF6lB/aJ5xcHBC9Sg/tE84uDghepQf2iecXBmqXCl6lB/aJ5xcGbYwWdJQOCFvHUPcCG/PBNkO0BC4OCF6lB/aJ5xcHBC9Sg/tE84uDghepQf2iecXBwQvUoP0evjSUDghepQf2iEz5PE84tYDihg5dsEv6bzm63tE84uDghepQf2iecXBwQvUoP7RPOLg4IXqUH9onnFwcELbwfrZsniecXBwQtqaQ6yc4uDgg6t5krGci7/JpQf2iecXBwQvUoP7RPOLg4IXqUH9onnFwcEL1KD+0Tzi4M1S4UvUoP7RPOLgzbGp3dysnieR7dE84uDghepQf2iecXBwQvUoP7RPOLg4IXqUH9onnFwcEL1KDpg9tOLg4IXqUH9nXbonnFwZ5clA4IXqUH9onnFwcEL1KD+0Tzi4OCF6lB/aJ5xcHBC9Sg/tE4Uisx25WTxPOLg4GSyqrKUDgheashC9Sg/tE84uDghepQf2iecXBwQvUoP7RPOLg4IXqUH9onnFwBBElA4IXqUH9ognkVTwqD+0QmfJ4nnFwcEL1KD+0Tzi4OCF6lB/aJ5xcHBC9Sg/tE84uDghepJpWNinhUH9onnFwcDNjgiB4nnFwBBElA4IXqUH9onnFwcEL1KD+0Tzi4OCF6lB/aJ5xcHBC9Sg/tEE8iqeFQf2iecXBwM2OCIHiecXAEESUDghepQf2iecXBwQvUoP7RPOLg4IXqUH9onnFwcEL1KD+0QVfkndepQf2iecXBvgW+OqSgcELePoIXqUH9onnFwcEL1KD+0Tzi4OCF6lB/aJ5xcHBC9Sg/tE84tUSP+UuDghepQf2icMmVYUoP7ROMRvOLg4IXqUH9onnFwcEL1KD+0Tzi4OCF6lB/aJ5xcHBC9Sg/rHJB/aJ5xcHBC8yxwRA8Tzi4AgiSgcEL1KD+0Tzi4OCF6lB/aJ5xcHBC9Sg/tE84uDghepQf2iArdxxNQf2iecXBwQtwt8dUlA4IW8fQQvUoP7RPOLg4IXqUH9onnFwcEL1KD+0Tzi4OCF6lB/aJ5xaokf8pcHBC9Sg/tE4ZMqwpQf2icA3GzaM3S8BxcHBC9Sg/tE84uDghepQf2iecXBwQvUoP7RPOLg4IXqUH9Xg3tYxNzTaVfXG0q+uNpV9cbSr642iQEgO4UDghen/x+cyBhUH9onnFwcEL1KD+0Tzi4OCF6lB/aJ5xcHBC9Sg/tE84uDghepQf2iecXBwQvUoP7RPOLg4IXqUH9onnFwcEL1KD+0Tzi4OCF6lB/aJ5xcHBC9Sg/tE84uDghepQf2iecXBwQvUoP7RPOLg4IXqUH9onnFwcEL1KD+0Tzi4OCF6lB/aJ5xcHBC9Sg/tE84uDghepQf2iecXBwQvUoP7RPOLg4IXqUH9onnFwcEL1KD+0Tzi4OCF6lB/aJ5xcHBC9Sg/tE84uDghepQf2iecXBwQvUoP7RPOLg4IXqUH9onnFwcEL1KD+0Tzi4OCF6lB/aJ5xcHBC9Sg/tE84uDghepQf2iecXBwQvUoP7RPOLg4IXqUH9onnFwcEL1KD+0Tzi4OCF6lB/aJ5xcHBC9Sg/tE84uDghepQf2iecXBwQvUoP7RPOLg4IXqUH9onnFwcEL1KD+0Tzi4OCF6lB/aJ5xcHBC9Sg/tE84uDghepQf2iecXBwQvUoP7RPOLg4IXqUH9onnFwcEL1KD+0Tzi4OCF6lB/aJ5xcHBC9Sg/tE84uDghepQf2iecWuiD7jtysniecXBwQvUoP7RPOLg4IXqUH9onnFwcEL1KD+0Tzi4OCF6lB/aJ5xcHBC9Sg/SclmtDOV4+NTk5AsclBkGUxfLUuFI79N/z87FiwJq5idkXqUH9onnFwcEL1KD+0Tzi4OCF6lB/aJ5xcHBC9Sg/tE84uDghepQf2iecXBwQvUoP0f/pxl7cFPGwUtRfWcc/dri1glU5cLWUOXnG5RPOLg4IXqUH9onnFwcEL1KD+0Tzi4OCF6lB/aJ5xcHBC9Sg/tE84uDghepQf2iecWpgPsdA9u1Q5CKHvoWDqUDrhEVd6SgcEL1KD+0Tzi4OCF6lB/aJ5xcHBC9Sg/tE84uDghepQf2iecXBwQvUoP7RPOLg4IXqUH9onnEjBD+pylX1xtKvrjaVfXG0q+uNpV9cbSr642lX1xtKvrjaVfXG0q+uNpV9cbSr642lX1xtKvrjaVfXG0q+uNpV9cbSr642lX1xtKvrjaVfXG0q+uNpV9cbSr642lX1KxrTUH9onke3RPOLg4IXqUH9onnFwcEL1KD+0Tzi4OCF6lB/aJ5xcHBC9Sg/tE84uDghepQfqT7lZPE8j26J5xb/AQ93PUw7X3rVIHtPcbNQLOguzkn7P4Z53/BwQvUoP0ALnvUKpAO2zZPE84uDghepQf1c+PblaXAMtHFNonnFwcEL1KD+zlNzKD+0TziWXJQOCF5qyEL1KDp0e9whDqsKNuZlGGTU+ek9ipwu5Z7l7QtJYEkyg/tE84k4fu16pKGDx0TZCoLxcHBC9Sg/tE84uDfBpOWSpIy+U1738Y6CF6lB/aJ5xcG+R9BC9Sg/rHJB/aJ5uIIkoHBBsqMqnhngvNEowiayVMiQMdXtp9B7O3X/2iecXBmmAWMm3ZJP2BJ2koHBC9Sg/tE84uDN2AYOAc2Bcmqg/tE84uDghepP8P/hCyLrDtJQOCF5qyEL1KD9SfcrJ4nnFwcEL1KD+0Tzi4OCF6lB/aJ5xcHBC9Sg/tE84uDghepQf2iecXBwQvNWQhepQfoGf91CupiVoc3NNpV9cbSr642lX1xtKvrjaVfXG0q+uNpV9cbSr642lX1xtKvrjaVfXG0q+uNpV9cbSr642lX1xtKvrjaVfXG0q+uNpV9cbSr642lX1xtKvrjaVfXG0q+qoWZRLecXBwQvUoP7RPOLg4IXqUH9onnFwcEL1KD+0Tzi4OCF6lB/aJ5xcHBC9Sg/tE84uDghepQf2iecXBwQvUoP7RPOLg4IXqUH9onnFwcEL1KD+0Tzi4OCF6lB/aJ5xcHBC9Sg/tE84uDghepQf2iecXBmtoaosbec72tiqza7xlsk68+1mhw1/EntHVBY6bj4zW3aqynlle5OaDpmgDebA4uDgg3XoF328GCzu06/ZkaihlTTWvJ1LyIbm9WHYviSgcEL1KD+0TziSEgAG2fJjsDJnW1WkIoxppwv51ui7XtiE85xsjtysniecXBwQb4D4PawjTdVK6j+jFavpMvLFDfI1kJBPWSwzzi4OCF6lB/aJ5xcHBBuxm4tirVI1Lpy5RRK0MuKCwSF6KI2FqCTRovhhTiUoKzS8hV4SBCtvn5cEL1ACnuRW7uoo2YVqEE6edxrIBumbU1nLFoRRN2WLg4IXqUH9onnFwZwvs4NBwNQ2WhN3Ce/QpIn8tS6sde/Q1h6NV3kL1KD+0Tzi4OBmwxHQ8NBcslNGMutykEjuQqer1xuH0WucotDdDFotJQOCF6lB/aJ5xcHBC3puAjOMagOCLx7UoP7RCnGNQHLKBwQvUoP7RPOLgz3Ohl9uJMoP7RPOLg4IO4Z9que5WTxPOLg4IXqUH9onnFwcEL1KD+0Tzi4OCF6lB/aJ5xcHBC9Sg/tE84uDghepQf2iecXBwQvUoP7RPOLgzKc802lX1xtKvrjaVfXG0q+uNpV9cbSr642lX1xtKvrjaVfXG0q+uNpV9cbSr642lX1xtKvrjaVfXG0q+uNpV9cbSr642lX1xtKvrjaVfXG0q+uNpV9cbSr642lX1Ewm+flwQvUoP7RPOLg4IXqUH9onnFwcEL1KD+0Tzi4OCF6lB/aJ5xcHBC9Sg/tE84uDghepQf2iecXBwQvUoP7RPOLg4IXqUH9onnFwcEL1KD+0Tzi4OCF6lB/aJ5xcHBC9Sg/tE84uDghepQf2iecXBwQttQRp6svGsSiudtRydllzHuRDSf/4zKvpDnZNI4KD+0Tzi1NOrHBU7zZyhqnqt8KBwQvUoP7RPOLg4GYzmWibjHfRr4Kj2GVDJMoP7RPOLg4IXmOJ4NcFFMcCLuMMbl0UAr4uDghepQf2iecXBwQvT9Di0tplugBJh6UMweBBbmiegqWFRcYRcFAEOcl13Wr6CF6lB+kEcM6iJWoFmvnYKiI/QEigpd8EL1KD+0Tzi4OCF5kv6205jDeGVJGmNKylMkHBC9Sg/tE84uDe+ALA3R0GQm47ITPsuk0208UorQoHBC9Sg/tE84uDghepJqBQaNYfw85CjC7pBUYl4uDghepQdOyPGHJnZhjRfg4IXqUH9onnFwcEG7OSVAgAPlIJMoP7RPOLg4IXmQ9TzK52P32koHBC9Sg/tE84uDghepQf2iecXBwQvUoP7RPOLg4IXqUH9onnFwcEL1KD+0Tzi4OCF6lB/aJ5xcHBC9Sg/QnprB60Obmm0q+uNpV9cbSr642lX1xtKvrjaVfXG0q+uNpV9cbSr642lX1xtKvrjaVfXG0q+uNpV9cbSr642lX1xtKvrjaVfXG0q+uNpV9cbSr642lX1xtKvrjaVYS4CSgcELenEfTBrB60Obmm0q+uNpV9cbSr642lX1xtKvrjaVfXG0q+uNpV9cbSr642lX1xtKvrjaVfXG0q+uNpV9cbSr642lX1xtKvrjaVfXG0q+uNpV9cbSr642lX1xtKvrc9ysniecXBwQvUoP7RPOLg4IXqUH9onnFwcEL1KD+0Tzi4OCF6lB/aJ5xcHBC9Sg/tE84uDghepQf2iecW/zgtuwiyakyQ0nYePOSBj7OAos0KmJyY6NRBE1aSgcEL1BQRZsniecXBwQvUk5+ahsIkmBgjcIKH1FzOQdxEC2e1pel/upJ7gr9XCghepQf2iebaUxJK56PLmEYRgqd/IqWE/l1pVUjWWEy8CP252t6RQ5q0lA4IXqUH9onnFwZrxLOzlCKe3eBItrFt8wxzXFhm1alICICKMjaxuGNEEQ4uDgg0/yQlGUqpKfW2ge6jmvXyW8h7MHT3dfazLpysniecXBwQvUlFYiKy4TYLXcTaawl0PNQVTDfUAmjVLOQJEt9TcYtAMD2sh9pjzNm4ziZQf2iecXBvgs0c9IMrJnI9YmEX9pXU4ecg+RtQV44f4OQqvGkJ72qbh7Rjk601Zmzr8uCF6lB/aJ5xcHAzOvzl0/0zXgeFukU0SLJ78CD5vv4vXrEtdDLU+/PiS2Ol6lB/Z0dGLEEMZJEkyB1uMemJDJDOSMNZpjX6LwcxQR+h44B/aJ5xcHBC9Sg6ao3aeBuxXAwd8yyrub4kAxrm3CjJSmbMIj4AswbzfEgGNdaSgcEL1KD9IAUVGurGFDX4uxCHP9ezf37AJuyeEO+14S5vZtbvrpXtauhhUH9onnFwcEL1KD+0Tzi4OCF6lB/aJxque5WTxPOLg4IXqUH9onnFwcEL1KD+0Tzi4OCF6lB/aJ5xcHBC9Sg/tE84uDghepQf2iecXBwQvUoP7RPOLg4IXqUH9onnFwcEL1KD+0Tzi4OCF6lB/aJ5t0R6AgpRRfXG0q+uNpV9cbSr642lX1xtKvrjaVfXG0q+uNpV9cbSr642lX1xtKvrjaVfXG0q+uNpV9cbSr642lX1xtKvrjaVfXG0q+uNpV9cbSr642lX1xtKvrjaVfXG0Z5joWKXqUH9onnFwcEL1KD+0Tzi4OCF6lB/aJ5xcHBC9Sg/tE84uDghepQf2iecXBwQvUoP7RPOLg4IXqUH9onnFwcEL1KD+0Tzi4OCF6lB/aJ5xcHBC9Sg/tE84uDghepQf2iecXBwQvUoP7RPOLg4IXqUHTaub7VVzrVAKfhI4SSRwAhoBphEvWyWhfSHNVPN7E7k7WykWvdAdMuVybEUrMK3d+aiuDgheYZyZ52kVe1jUrEpEFWhmbFKr4u/PZ7YJKBwQvUoP7RPN8fOiVr1K4A0d91LE+ifsN6bwpJ2cEjTZwjS5OIa3snj3/9fK0lA4IXqUH9nQtiIt3Td2BzLbiDDta2/mmPtMI3FN1/RqSlBlGVJ4EeaiDlANucrghepQf2iecXBwQvUAVw4EztOqxH/n5ftXR57LgTfbbtqM3X186vYHtdKeCnoBpvH3tE84tSmROKue8QkLXf5CAPWvs3+aLMBx3sN9dcGlB/aJ5xcHBC9RrdECigoffNOFrEYBw8UDsNzxtbwJjI3ZH0o954qplFApILwm9+fjFbMx+0azyqstKyeJ5xcHBC5Wu0viG3qOacLWLAp2PI3xLX5ELoNdmILPahHispYTJlmxLYKvxSbZEdyMp6DOt6+AcXBwQvUoP7RPOLg3ym4CM4xqA4IvHtSg/tE41WceR3UmUH9onnFwcEL1A3UecBtjmE4xxZWTxPOLg4IXmuzMLcXEtFjtZQOCF6lB/aJ5xcHBC9Sg/tE84uDghepQf2iecXBwQvUoP7RPOLg4IXqUH9onnFwcEL1KD+0Tzi4OCF6k/02K3aBcNpV9cbSr642lX1xtKvrjaVfXG0q+uNpV9cbSr642lX1xtKvrjaVfXG0q+uNpV9cbSr642lX1xtKvrjaVfXG0q+uNpV9cbSr642lX1xtKvrjaVfXG0q+uNpV9RMDU9+W9wAP7+XIJYykx1eFpgIkRBJuzkd5gs2hfHiKZbADkYMcsn5cA9yzukfAeEbu/mi2KiOgqEuoYrhebbo/NcX7TXALVdmdrZErso2XS2HZiPnLkfLeIYNOrcRERjP6MrzC2Y9lHU3Y+PhAADIBXzoLD+/Lu5BWHLrW2tYzJxUiPfX+Vc/yPaiCKSLsI+FhKb1NBXdQ9sYAARwAS1+G1wne55toTswT+SHtY05COCmYMjGDpFBgtkXdOIS0wFUSqKfggF3SyLdtFsEs5XF4+iErX5sf+MS12v89WHOelbAS+G0G/1TFBBwR65RQ5vN7RoCLN7tU2fcxCSm/b0vrBUqkb3kFZdAAyp/dDwLC1nBNI9BcU7yTD6qXuskxouT0iAW2qMa4aH1SSIuut6+4xjtXtL7+jwnidxiGl5xmlYjwhlWQHf9mcLE22JyxQjgfXgY+5uNZPBFzOKZXOZv7dfrFcXtemlPz561qxpLksqnI/U2ohAc+DDjxxUf/1blADFWUUMzJZTXqTWTqvVTvY6gNt48NGpd7wANcXpZDCmwAADCKuVNngsLKb1W7IDNG56yaUTnSM5fPkRrUVZjLywMuu2tghzHrN4V44uL9zzfNBMCBoEqL7aOjcZHe1Oct97cxIJwfFhPWKDr3WLMXJXhZojZ6W+Dct6ailgiJVjkyGU9npLLvGtUhsB5qiAgMBSdDbWtK9CpYviaoQ53BRCny/U8JckRY7QBNhquYlFW7wOI56N4qZZlDKNygAweWgAiisezCkoaT7Xmx6YlQBFVbk8oRpvMO/gGFgGmyZLP9opx6ce3eh2P7V0KWTxN/hPO/SECsxF/i2pQfl9wcmjmqK6P5Cw1OSOC0odp4SUPiKbheRpMjysFbRbV7bjAiZbTIqA1tx4hXS0S68paO+9Sv/TIYUHtcbT7yVmgst/8FJPFgE7M2J/QIQ7Cd59L9EKUxb31NMVFgJU0sAAAB/3Im/5KR/pCIkUQM7PAkwR9ldNQUqXNkqidhihLDS7+BICRvU2je9DApkdvuxtMZXFLcqdhLh34p/d4SegyGFLaxYsVQzML2KKLX9OznKHBKIC498SJnoV2LJXT6GaLIX0O9qWcDrSOcglfJBc+QXWlLJZb3foqZFQHbz8Vbz4D/+giUTcOgp2rt0bYvq7edEW0AtnXPciaLxcIKSwNFI7oxhYOAPF4kFDAzwwaVVmYCxfXyhJwE0cL+0WVJI6CFD7G4I1onx6h2A8LHqe5RdVjI4Xca/mrGLeCgHQbtTcEhlEZ1Y/uVOsieQ9ShDNbS5GPj3FSa6W3wkR136D478SVMo9OAAAsJTjdW0ogyVwks49FT5Dya4AxjAY1zSgZtVaohRMcCWP51Bo2HlKg9s7nujNnybjAby2O+BL0+kAnY+hl+hdsEcpjbtKio1OASzYocd/T0wBdiuoQJ+3B11LE5dIksWPKfq5mLRmis6EkpB9Ze8siaxZ+jgZz5lr3taMoUAviBkLddXUdS8GvvPOAAAAAAAAAAArkK+qhSNSsovitAGEKNgdAAAAJP//stIAAAAAAAAAAAAAAAAAAAAAAAAAAAAAAAAAAAAAAAAAAAAAAAAAAAAAAAAAAAAAAAAAuD9OjgMHBYRPPg98BHwUP/Hm8nnItS8GZ2AAGe+9T7/Q04uq3Eo5yfa1vuhLoprGwXgY4hAIuEn8ZX4KGBQP0j+veEqFWBdskSphrQdOeyo9anqAFMGQlNd66xWj7YGvwV1PN8yQ+F4p0n/gAz3XxpEmAo2pwIsGvrPA7tKv3ErOqsIEEyGV8Lavwhmu0C7mGc/S47u6NDdNqbmccn5FRaHc1wpR1PQRR43aE3xjbQa9HqOCZ3P1bKoBwLAfkcT/b/A3BV47YwXfkP2XBOQXLbhQmw2pZI+lOBWa1PxvkUkHey9c76FAXqR0CRGhDfbUDiehTDq6Nxcyf7eCd+l951GSwG+KsMtZacj9DAV7yMdxeol7w/7WY/PW9DZHlTMT+bFfZmNkcEkENII1zQLSt5lXZb4L+8PvlJwJZqUDId0aPecy88b24P8XTCJaDdAaA8R1j5/p/08oGGYhguF774ekExl8dvR3cF/gBexq256bHLUYst2eM9rTqvtns4lMeY/zQ1PvkRYEqGxbh9HN2xJTQtDmjsb6qCboV5AdxK97YxWNueXG8PBHBNcmyHIAO3tuW5LOZcpXVWc1SSrL/hoOgCTpOzGVtKnVU0Em9tIfAAJCcscF87pNu7as4reKMRgimU+c6CYaJ2xskAKrra2B9fp0gX/GQeMG8HL2l+Q2+2xiK0P/YhMmMGO+Z9qeO5tF5iCw9m30DqlT0g0oo8qGVq1Eq7RA0ahFN3KhFJMRlvXdd76x+CiAkE66smG7pQKq5OE7J2i1WJQRHjrrhyaL/YsZ4IzGssIwlOwYCfwU8Qs68BSF2T8VvovKEjy6pwEf/ZkDXHN0qcME98oFl+X5QhnjZEGJFYkksxA+cpr5xVxHRNZoZ4DEnYJOnH/ZjOpeG/rr7dJobohG9ExrisMiMqK7YE22uxprSBYIahLNMm0Kc3XcUuA4RggcMUkq8U8J7hzy79StQ9CgHS0lXlBDirp4MWgmNgBQQYI9HkO17uFEbWL/c5LPpLNG9uaTWdR5SmN7uss0k1bfPSLvJQ/jBkqNBPdS7T2wi7CuGjJsi0h900xFFMbAvxa5B+NRm3VrwqZq5tp1CMDzYVUMOtiU+tR5px9QQQ0kQ2e0MGxqQOwkyULgoT87s6eeeT/cXeRsW/OK1wnXEzfnQnwF09Yd/X4hGzZJTOx37pr/aVeFQnkbXgCrZ08vq6EFjZVfVSdPIK63qEE8a+BdYcPx8QJs7Zl7B1a8q6fCBvyLujplRQeah9tCNYkk8eBQVHlD430jK84GT6gAI4n1Gj9W87ntkz3nTz9/ZlWRSIsHhii+N2wfFgBEOxeVL2eWfz5FcXe/EG++KtlhwRUt2hc358Zt2UfwgarniNApC+kiBREYsIAb5F9LTNwN5rLlJlwQd+iI7mhzzEt5Wdrrsqbv8YdJgDN3oaNTdiYl4RCiEoizBH1DJxwv6L1qv1nN9UXvfTQsIFK+t8Z5BCjDwPaKr/olOOymAbparFHdQDS/l03PAV8KqXfwJJirp/mLE0UqPp18yLOrvnG5E+9W/Ldr5x5UP+SNdOCrKSmqc6LXT3BPPCVl8WePqJfmWwYB0QAoHeaRfwoPeXDu+wyaIyyH8p5HlskRB8d5HtFmsaG4I2O6wCIEuwLjuX+itfVO4aq1IcS7ialXrWyJVMEFCvbMmNI1/ZvrcdCnxkFMCikERS+COj1868PnLwikEQzYcqdGdrnXuMiSehcuwzx76/PoN+mLX2cVCRK9rW0F3CY00uDsBTH+40r+ks005Z+ejG+3aw2jZLHJHgeIy2PA7D58RS7EHkMKrVfdts2J+TtOqchRs3puXhaZpjHo8Xh2FUgU8VCVB8egKHrRCMki0FwEQd9mxYjUgCqXeMiPd8WiYPFfRtG8ChWZjOtjOWnuIdSvbePWWp5mcALyBh69NI56B1YwfOIoCF9Z2jVtpubInymuZ0ED3AAQApGK5m171Wb4VerKc37Wimwj6SyG4ok6KyFXD8cC5c5fFUcBDU3RLbmGtKnHEBEWz2m/7bVW6L4aYqw/jvXiDnNk8rORRSvyr55SB6AO2iwBabiB8gD4uf20BmY9u2eLgsUslQai5uGCZyYWxFbOkUxA8syc/zIXCU5aLiUxC4hS7d7QN+lQagBTwhSI/9Ry2plv7+8q63QCb9wtZ3TiC9kBsBs88uteWE4CDhUoi+V6NNNQzwJUYBDhDMESWjcjh6bFahWFzyLzNMqXGnOL3sOkYKUctZO4MBDXazWhIGKkGbYluaP7SbhhTp/ueebUpOj09k5D09afDEwpvpT2ZBVo8feIiAxEY0gtjXxyLKyzfqcB3eTvl2RHZOpKR0xbulFP774ezFu0EVvlvdfGF2jmez2NbcazBHvLgPmYoUuPtru8XPMvvyTGyMNQkY+TW1cCP2bIucGSfnxNIM0nC851kXMEa5DHCazl8xkK7+NvLT8Z5oJ5El95kTdJbUia6H5ejLBaDm3wkJ4Y0TbUrnBxeAVWulzwPId8m3FOgD/ViTxdWO7XZeKCmcjkV6vkYjwYOIGgOGNlLc8iORyBAATBFA40EtEnrGq9nTnGUaeBV94R11GnRUPmKcVv3+bolkty+MGaPZ+i6Sjv71fCkX5L42D01bYPXPsMKd4754/f3eZdacNPSy0y1Ov1rigdkCom3BLJWyS1ORKaIjNrFZnyKd1pGA+5VrMlbYDIL/QI18AlcaavhkWAWNf4DXdqLfvMK3jksQkkMgEjN1Z4SMn5G87PYtdGmFYGysL8QIvYSJ6pxQTkH/matnmwvIAQN+8ur4toEdTzNbkbJE7ZpcMJkoWg8cVcY6ccuRVhiq+KjCtXFOzEnFOClB/SY8KRpzUY3jnWKTsXjsT34jGk6Vh61tQd/eII7b/ureGirvUSLe9Oz/yehvDeUj2A9JhNz8oKnsz9gR8cC9eIosU7oIT9O5UVemQ/hLAZ+30bz8KpNLhrqEO7scLhnEODR15dy7DYkt2LMk8ZC5qrpku3dpkbSQrWpE5Xl9cdeE9vF4PXyiwrmn0V8U8pVVsA/TviVhXyu9iocKUmwgMeEKVS9nSRClSaxgR5/rVmsFJqvw6Q+5qfpS65PUyzjV44+Nre2+F9LS6SDB7Mbtgedmm9KYUMFG/wurUzl7nXNixqiMMxoDgc9VQO/C3wzuAGX5tfhvUd6nEjOo4k+QEwvdXXIu4KRtZmKX7y0fqEX5AvcA+IAkV5Z82Cgu4C41oznBmjd/GhlxaIV9iT2Eqhq4bF8MMjjbzVA8P00MZg9VkCYajlI/9FfjJG+nG5T++g4GiSbFRhGlv8NaCKAQkADHqSoH8BXlRjunwtJ7aLiXSu7MDxeBQp1No6FCo/ZCA5Y9jRSmsKsWRuSuh7gAAWa9wWR3o54Qy+0bGeyjb/ahJK+nIH7lF32zmUvbp2P2/jOgPDYx+CkVkDWO7mNl2LaGWvLsxea64//L+t2s5tL5590R40PS+sp4QXN3xTiBGtrd9GeoIvQUXcAK7iHTJWT9oWHD48ZiRFXkFBB6p7W3CPnGSGMkb30wSp2X4wpgkGp+4qjQfXXhfsvLefuzHdB0PAsGjqoLY4VIqsSW0y5rcv3ti7Arc9N2zTf3QqJyeR1e0UFNRujzVniJrDicxTDE5LjCX0rjKElxkK3YWL6i3X1GeTuK0oab7ioJSNGj9JMmX6MpKgMa1YJdHGW2dEm2a81DXgdyz71PS7OtzZAc3PkIL7pKZH84Q4y5DgOB6hMfe+S8R4YN044EfvCtOXeOKaHSgLntFt+lUv2Y1+VBigFToSCDWazJtavqJIia8LZVnxmqAS2aZer1AgXJ1E1EeMYKyi5JAcaOAHSdksWGEs8Q+VfuJxlbarRLdokRYEXueIJeUNN342UQgRBWojbWF8jkCsl03MIz3Zl827ARYsmlWvZd4Ndhes4PMQMY0wf8NmJbIXRwLHLrOh2WKkcIT81l5zFlHcNMxCu2i15Vd9fDGIUW0AA43RFc9QOPXKDe5dqgdHA8YHGKMqdGJqIx/6sc+ua8AGvwM7neUY2CxyDFGkFcdAKE5QHxIuH3Fe1h1JlDou4+9k1k5jhZrzp+RSoMj4o2+NELi4d1epeuHfnBrKEhPHUNo4ae53KNx5w6Zd2GGIvyPU/RfnqHvBDuJ0NJUfIOYtRHpKFNsqOcE5nGvuLOMHW0GQwxsl51/NAXaAU92fZg0MPiJdgKnFAAGMGdp7Fc34H0RR4a6taDiHys5HFAgTx0RgopqgYQDPrWPYnAwpIFCejzt2MYb3m+HwQbCxPFO6gWOyPkz9hKY+y9ZFtRunmYPlQubnOkyCKhFJ2LrcFCrPrWvWNRMpHTXYRV5F7fgeakrQscqZdSif9NngDfT8ZrBMz24IftcElxnzU20DQAjELRWobTj9gDxzRAwSMULPXS6aqtBd/gWUk3oi9t9h+Xn94bo1kjjhCLKJJlNkB7B/rBMr4HbpQq8Ma9xj/haUc1ZQKVWXz5OdDaaS27PbYCsFZBDPhbbLasJGTU276FEQsi/utmk5UZ1CNkFz8qN3r+/rWJouPZtfz8VwFRn0bb1KBPjWACoAkOJAjS8SmNbjEMtnYkUbH9iJGBn3qxQDGwz7tlQchb685vMYfzCYc54dBYW55fe5Yb5ywBJUR9G9ZV6/mX7JCwNJVewd97JVKKJbz9UysKH+9i9ACuCu3RSLIqlwf3e4J9IXmShVJtBEkEUR1nYQB4m7WAYFffhoX7jkzXW245MygN3Y4TcPavkPp32n6jmu72OBfh1Ilz4F3i9lH+GN64yrBn0lIgYjhGChTUUNj8CRdLl3vlKzxA1YbbE2YZcgs/7cVdqg6tDdu1I/gyqsdymrB905z7KMryB6TZQUkNg5mUNTSDtYVbEw+9lWCvZq4UwVdlOii1zOYWjH3rdsegPbtCMFpQMpdPZeroOT0V/QXC1qBCyz5+gNE1Na/5Uc0+esnUsRtokil3RzOIKlO2wnvlMXxHWk/1785Q3QhO0laQKlWKC/lY3Gp/zxJ66PUajHhyD6BvmY3z7OzfYDdG+YRHkWmhYvJETcsdBS2vUBzZPHd0WhfYfcvN+9R6oedRz80ww8lV+B5syitISYedSQl3zodjgm2VgGidRN2E6RTr+xEnPfROYRrbBQ0hzZ9GSLFhc+mFW9CSn8wy9mN9GtYlMuss3D65Fw8earRGOAF4tdringATjOhuDNkBlhurdiXn1I0/L4UQUiP9WiWQAAgH0SzIiojz7bSCoYwGAx3jFBu5yySQoBbJt2Dc01VyEpVYzCMPbCI7YZttAj/NpjzrQJj9klP/PfGAdyJiC4LfOzzjCX88PcdGAfh41aExwCh9qGnME4eqotov86Kr15wJmdXgvHe52ZPvw6aJIcKUyprp03G8LevgpFqOfNi4AbGKK/ibiYibxV0viZMDlMFUYjPQp5rC9TwMi6t8YGBdbPoF+tDTN88kRFfVs0cgAWWRekuww9ySDAktCb+L3BOIcaVsvud58WMM2vCoPjUKZKlgDP02GkzOTJSw0DvW2losGxJeoctsA4kUpHUKFfZtfq9txMLevyWClQcoYdJKjr63t1G6OtsPcCfvS/rzRaP2uKZCcR68qLCzesRWoL70qnJ8MwCJzNr7WXNbUR+xM1XHOy7ny34SqRrDKH8FAigRWIcRPeOLdgh+GwKSPF60IBD0TLJxEjIMARQu5VgsyUPiK2wOSicvOiBOu45OX9+mjSMF/pjhb8GXVvQYOZI7O5nlVjzarQU6Nxz8jA0Y79REnvq4UP9Q9pn0qvu/U91uwswdcAAgrNEC8H2FCTGeAABnqtk5O+4VGV4Pn9klOCbIcmyjdG3yHHhBS3zmkdGTMdmqLhz/YinYU69mGV2tr1imQY9AdWRHZ1+Y6mTMNqmLPfHcVnmUVkJXJMf3iRMl6V/NBpLmIZKVif1Cs9kxO5nSC7AOZRxlVhRCBvKCIYPV22W6xhA6xbFRpJb4x2XI/ed+adoCcNXgtA+NrouZjWUOraJQLAzgkoeioJWP1el0eFRAV+Xc6tQG8Y9Xyfl8028MPDJdIEOfedIq2LjpydGV8NfyCaWzkh2O+Qv4MyDPBCNVQFI5w5mBG5pMjO0e3hVB+G8OyRXsyHrsphaXJ/MFBXqNFElLCYm+J4uo1hOEeobT1cvN53DBmoPnINkonIlcsjZODxRjp4RRsxxsq0XGxwnXoAKVZesXRg0KyB2xaDlq099F3/NvKSrwCy0yTB9Pg0e9Ptz45E1gadTejn4LJNDtBr4s1190k5Hy+E//aDB6qZMZPr82y9mnJzepBcoHNEk54zHWI1jvchENHpxJrHVMhWj9IFlrcDKSa45pTQE2WzR50BQ6TGsWl8b3DS+w5aUNVKV2xdi6swho7fxdnPP9sxEGBA8IpvO9NgdUUyTszRg/VvFuHUYLJgyeU9N5FmHbQeLn+7rPU7GrgyD5m2dmfH+O9rp3kKVt0w994rRLRqonns0Zh3/dsoVIvXAc51tL60TB2fQrLuyYYiGk4JzhVz+AU2SIodojWrkmDzdmD4J2Wud9QY+kRMnmkmN0A0C6ALE7C4OI8Qb8vkzchj15li88dl57HJqOQwBumA+ice99rN+V0HiR1zS7frHosCPsJmKd5oHkq9plUm61A9RAjybJbhyWKJfDPN7Okj/fPjmqw3gAAgGjQDKLxzVP2atLdOXJe4Hem0+fcxE7KQchhs20ab3eB8xVY/ucoasTT0FUj/Xd9MpBONZwUWUcV5bDnjM0ZPDxf/v0YW9P3G9ftPXEOkM+Xgsm4vtq2045dU11UnxMfOFCgEJ5vmVZVyVm6tPG380EZnQeCioWK1KlFgWLiZgpVSifsDwFAwdNMgJ7I/6D1nsvVEc9oKY7ctiBkWq3/E9+7xpiF/j7/8CwJ7nEdVBm6yT3viF1Gv1mIvoJkK4pJbNIgDDNs6oYQPpk9MuASY891Ear8DqEAHdH/EhCDB3kk+kVteHMFFqRbPM2BLnVJLmPK+MDG6lS0mJUyR7VOOI1S+ZCdAOwHV2EsdzMfB1YHX9K1pG1NVFSMdrRHK1YCAZDskgzmYCX64TlBsZC84t5PpStdFVGIC/dFzpZgaj5MdPAow5cNwrQiMDONxX97mlomV8RThTI3YS9ylqXJUAAHVr8uHxEP0gn/m/XzEaB7nsrSX57kVE0yd8+vkd+hZTMm7nG67a7TLTf+ZyLQVwMV02xguaiYoGajsr3XcvITeft7ZEd3WmgExUwKp61mKlzo5CCzhe9hClioia5K5g+jQd+JbEup0oa2TJkvzB+BaR21baF95GKjIqNETVLIDtZq5yT5OSBsykspQ5LcLP0wJtl6keok17kXUEZFV9FHHBeLRjzQLxPyjn2YgNew70b1dmZrjkbJJMHX63EogQo1nJ7fCznmq4xU/HjxgO56zJIk7kDIAOEwrl/OFx4YFwced0jQdAw/A23/6KII1Tjzvv6pm4BUSUy+cEvlaQBfAli2Nt6N0JG+vpid5Iytn9821lYFEjmnSL1G8GsKyN40kbjZ7FBam0Yvk9nYFBCNvXjCsB41Na4v5dLejpIA2Sbk/vaxdZlx2fHqWAkSdx2+54krXsgACEZle5py84NVYIibDw3S9kB3TA1RMfGx6DITK2Pach1LtxYUJ2wvjYw3PuEPpJSWrDcXhc1JPns3VuIf1yNTi6JOlwOeQGBJkNoYTHlYh/p01Z/nlpOfSpt5TVQi3r0EDZIuI7ohv+f+tuxdfq8tcaJ6IWo86bz7Wju2jVGMLVyeEh78ToViIb4v+On24FE31fbQQwWde0LxTpHTPWQees31dLd8isEQjfZQKCSFK6IcW/sI7uT6cnqE6mEVWVCzFkpBayJFD/Hdp0RqfVM1kjBq8+obpT1MEM6B6G5hd3dJ2bpnCAGnenhwvtAERtyayNdXingkCtDq5fgBXOjKd55gLJU1eVOU1cWqRIxgYvVcl/NmxEF+rTSF5O+4vhHA946s9rID6SgRr0dSBeJL03A8vYgZw8koEC6bIUv7QWp/ZdN+WQ01KSlq1jSlD7bnr/YySxrf4hw6CuXHZJRR2XxVESztYu1YHK9/SWiUYcsTYBxLro2jeQ1p1m0l4Q75I8DnDFjYzpRjIS653L76p3tio/sKVKfNYeEDxlqXyPYkjGtvyuz353fNmouZRt71+3TpU46Tc+d7mClmlkGU6CP8mllXuioCDTaRnEAx7uEJNyZnbr+n4rRdk6L6zZxChRXQ/vrR9PptK76v6wxNUuBgP/Z0CVgAE0zBk+eGryVxez6Eq91LTQX0JYB1pwACuQuzWiH845OonB/3mfMgz9WZDb48utJq5fXNs2LM7jSmgLhIY8+j6ZzkyHjeH+BLDwzTVj9BHYYIi006dUdm4fXj/fB0erTDuOVeYYdyCOvIPdL5DxJAy106hFZ9GC46I5H5q3xXGEAOsa20V+Ybj6A2BA6vwpOpRGzg/uvQ0Tl1Y+HI9I5y9luxKT+EtCGlXkaSIYdMBce5IAUmF4V2V5hyJc8x25z3OWZocGukxn7AFUG0rN9xRGBg+N8DXWEr0fJ+7rUslbMC1gBG3wursFV8aroU9iqY6hczH5ZNCfulCd8EShWYBO1v5hLG+cW9+p6FY+bMVRP1lMYVelZ3ox7b7TgySHmNdgHZ5CFm0pAesX2IrtEycADOrPJdAy/4363K+Pv3oQAMQ+FecctWbiG/MewFMkV1AbARw5VwdH1AvmlNVTgDktG9+qZxDAB46uINde0ArqocbOrMyEvTQRjYtTgYERefyuu65I8upnmBfxmC5HvzQmK/x9bfWzjbiyHBzTcjYtryQg50niub07NygOkiQEvjtYfK04CI/XM4QBRTFQTth1TRQYgmtWsMjGGl8HOxctfBktYJeSMWx7izrW/3cgGpD54LV6HYtSKC+WrumVdONqMyi1E0igK+TZCKk2Jf9Xjbyifchb+iYVPWOU9W6oVgeEcZqfm0/qThVyLAsObhEAADAHxJktWzHhjZ1BEVayy/dbLycQBEQYe8HJSBM8iVZGIi+F40KP6msWBm7sAHLGwPYD6Kuwp2NEoDrly6vtkQmnHLiNt3QUe8vvOkRZKO/Vwa2Eby98HSzPrlRNVOpP2fdo6/jBEHAdf0YOHST5HOaypwocjgwTgqV5KcJ5fXcQ3mMTw92I2BSgSegRYyhqK5IEs5fI6gUny4dw77GqSzOfaF9f0KIMmFVZkHAQmh2JI3j8WyU4T2Y7lSamGonXGQik55BWFF1E0aqfAb+5Cke61pS+jGX2TIhYMK4J9qxKkQOLS2XFFuHbflCagU9RfGIqd0aUoUH/bC5FmXAN3FPcao7yEjwqKP14syPGk6irRV2NszV4QlaZlegAE9nEifpkpi3ZhvcvtXP2qOjiK0RtaMq98uQZHdcyeC2CWsOQXqbdgnyd3R1iNKEYmH9vO3uJ09hRf3WbD5KwFpgC542cUq/bUdwALlLrbkpR7NkCco+iei2keBcsliwIGLdIBv0yY1KH/GpLGgAlMCAZkeJK24Lm+FglqVALbVvEh0dklfhPZLzs8YGgvUiUYfOlMA3X8BxhgfCbuX0STqocg+xRk7GOYwlWJGpiX6mBg7FTgEEHsdCABmaisxpVDbHk8A/Zq034x9zp1EcBlIXXQ+qpRK170qP5gD6oB8+36rFlXLaGtbMiN2CdHtktavXms9QxTZGfrrOb1Cy/N/9+a2dwAK6UKP3dwjjKjsQqI5pvTUKQBXTXhr5xZCiXsDkc5UL+ozSzzjQobYd6C1l9rMCeJnetg/0qBSkLzoU1CEzBcXB2/iug1iy30wVodtb6MtvGen9tiNfRxuo+fiW5mCmq4lAbqNt5sPcbMPM48HrEyIpx0t6fsO14ek84+M6L/pkKNqbt68CYiPm69tgNEI1V/CPIzEsks++5A4ULftbTFMxAsMJ/sxz8giySeOjb/BX4Qns7GDSsJUaK07/FheOXGY/4tIG+mIxarbziQ88i0JTipvBqNKCrkcVwYpySxqWHRuv8TSDywuJHGGeY7EhYxqWK5uwRHpOLeAMUii0Kjkh4d6fqyqRRpwIZ+iDrLiCfuBtQAzuOFCcKR2JZImVdivfIrxq3Et4Cvv5LXRrSNk5U6kp0ihuRDkP8LfrhO1qF4iJaIQKokJnbIO/5t06wpHYj5iXvg6Mq7HkOXVeZUzGim65t1aUI0ikzxsjA5KS+0v+u/fqkulQXTb9MXwEMHLvaSbRwAVI4jRjZj9A/582JpHmDv6N2l8Rv6FzXDHk6B7pDOLEzDIy+2+nhamh1uqZYATZOScsWHem8VrRipM/uMcwWtCzDIXb+3mGmMSNUJhLDY4QvP+vDSBMmPjglkFI7yDgcKRHBosaPjgyg2tErmUQ3YcnoYbOMDyTQIE/DASv6L8HFWwSuEyv+iu6hB+XKzOUvZebo7DurbpiXzRMLIvvpF74WCvy1lgXKKVtQwTRvgqQvYh5rgSCN7i6q3HK+YhH7oj57AIESmOQeiYDsvyNWOf+KEb7FJA5aEMwD0qBduemX5uhRklR2uKLQrJya0+ll/F2iTchVrLAiusRdv8133RCwpKCStvTBKZPjoxuAMAIwpXzv6NzejoYdef7ssO/F06NhnMSObbkFEGrCGorKGbtHP39UnPhXm5Yve2emmafJKv3xAkYKLrIptJvNcERUy9+0BfPuN/Bv1TTtZnt2xm5y7Eh4lkDoUkBLGYAAFUxh0Xdfpe6q9xd9KGKC9JZ2wzc8G5GIROB0XjCTNM0AAn7EEXr1uqMA2xvpqS/F/rMsc95dvUE8Tfojguy4mcAfvAKvYVqmOEaSRa4NId/LWO82EgzXkJZajLENxM4WgfvHI/7rJoGYxCMik5LaFAoogGM1hXKviZXQU6cBBsQ5LIlIxpBFqTTzQZgNZr5r2Nh62k8VKj8zyLpv4odWdcHObRFy3+VkM/7gCYzCXogzGTMnRTJgPAF22HGaXvRm1qZuDDfLzTnKCpD9uaj965AT+wyyeEyOqDHdk1sqkuW/RqDFs5uNd4mdw4yTsMKmnNC7nNisq77k0yZlipadX6iiKPKhk3QA5gFFIb5iK8XBIzhgbBrbLm4hmqqBP1jMeIW2AVDLsv8UrExGIy54AiX+f1bZPitxUVwuC0h0hsZZ6hSbqinH3suo9e18pri2gbWhis5I7zN+ivf1I2xXfmrWOciUH/eulFQfWgi4rAR3qW0prK+swVi99dsKYHbxSD7bY7MjkZYON9wiTj1phTkG8UBg7aObg/aPeraPGOrUMV0tTeT5hWZXsEJfNnQ4aONVjhq4XswGC0KbNE6LiWHwrBhdjv4CGa8Pk8eFVvTxJMgqYG2anXCj81hHgZTRG1B2yeT49ckWrz9B1qzGwT98seHiz/9GEjOxmSX/gm61YFwSl+EgsG4c1ssRxRPuCLeYKVg2OGSnz7096Yc4EyhEmUCR4j70myCejpiWL1Oqh3CuA1OAq3+lj0s9YfXQXh1ltKWKEwx9ffgFwfHx6OEUiFT8ttpvPsMVC0KTZyDm5LeXWzomO2dirS6cFi+MCQCDZ9LpoBrr2GIe4kjNv7yPF2bBO+wkm68HnUOXI6CJohVMm3l2ufQct5HAU+wCjgdxeH1iypxZRFoe9oOTBTJmruNg64w3ZNIlWuM1FE6UJlYxntV+qF47pn5MZNNxyjJaykHvLPAi9QlJ/vAQI5ADP85epRiynPHckPxPI81DI/lC37Fki6uw9WseMgqyYR3fEbQMzXQH5x69yxnX54ErSdzTsgEZpRHw7qe0Zy5vTxkenSOei2rkKgSkNMbSYfe52Vm8t4GAkBo0gahjZae+jYl0CccAAxb/eGoDqh0Iy1aRn/rrzhi93BqopUmsNn/fL+N4gY1uj6wxC3VY2thV4opulHarIUN2/ReymiWAdW3OjvWIV2Q/8+vjUZgyMBckMcA7r6X70whXd5aYCOx9epwybHbOfZsPl/SqYQSYnuFt8L4AMGzWGI9HrA6kgp2/zSyX4SSElG8mi17t0jq+VN7T3PSqZCsgpI14R2KFv07SWWKanwJbhheOCasXWsqsn7r9zK7BiHWdAAAhlB5cJlqFn18e11j0ndcD7oHg4CEkgBYKWGXHQ33IGhDZi+UIPQNBo53Bm37eGOyIF0ivsPm5qRaY+N/sFAwWhwEXmfj2usej9uxpkzWg00MalklK0RLS+goozxgaUduJJ9HMoggLCczGn91NO86fp3x0Rsji0ldQbsNCnRQNiJttyiUgWZEil83+htYVUbsDbjAiYmgMO6sy01VLhlT0nqu4pw1n3XaDBkJZI7nTAASRFSQzvTemMa13qSK4O0xc48S6y9qI/+xtv/OKgI89GT54Y3f34XLCw51GnBouJ/k7R1baX3EYKg9a+dleEvDvHmmxsj/AMtrhl3UDfP5f8gJYmtmR3V4aThRNKpPUT/pdliOktL2AoaXU8JpBs5Gy8RuEkbIEGQ/zo58bNrg4dN4xYXdn/GJApSapZ36kCVHbyniWvZeI3CSOG3t/BpgP3kX2OMB57M6ioFzi5BarqgZfhtswCJ9VIqiSBLHgywxj4YegtYMHhSzwmS904XMZ8ejYoyNw+QAGBbrQ+FsDplpj3Q91mzVMMQUqGOPclDn9DSDBfOIk8BnBbsc7KK/lWwJ6cLiH8bDC5CksC+Q4OGJVwD0McgoQjlR6kDH+zzX7VWhz8r5SNcFfJw4Lbf6VNAA7r+l0GZGIrsGcYbo+yasJFIuXnaIpUhsCEtWr0vqcz0i/jthg75DGx9/hGedxXSh1lHr2Hw0E+qLi074y4Et5FSAFbpeD7HFYeI/PwlS7N+CFZmobNEaW8GQZ71mYThOGDvrkmLRXNjm3cZVuuhoSAOk0addeunuIWUiBglgATKbN28yblbFbH9YCAcwrbviW5Ci+kuT1SC7+xmB24GgMAzqZblfZ8tGpZvGyYrO3s88tU03eMCY+Cd5gy7IfR3P5CvPNxRZFX9Xed6xFaK+80gFk+UXZHETlF/p4ZBrL/zurIYk9cLw7FqDRqmcXPhrUBFPq0uguXBuxagnx6GmNOmNVBgPwJsp+m47gdaT/NIXiSm9s9aT2eR/g7N79YCp6r6Vm8Laz/iWsq1w0AC2qq05OJN4K9z3XeqwxwbWLwrK3nrhlKpVFUMPaBIG7ZJomMunXKIteu9Wd5ivXc//c63uLo5cbF6VcviqRDdb65DTP/NFa6cAbE3ku7FArqw15p0mZgKZwCmHX3J+oM3U9CL6wA3Z7w+6Z7IdffW4u/DeM13VfEBo3CIgFF2hVeYxZiW9V49VtnbYIDFwxT7wEYo6tpNQkyuvKbv9WfPVwBm1bK1jEpnIaPrjvDwJhERuyaNmbad0qv9291f68M2Iq/EahDaZPOWc5jYBu6KW2JvZYlKEic6VSWixSB3bEYfqHponR5qmNiZ6s+FbAnnJiFE7rTA6lNziDS0zqjGZhBHOxSVJ22nrkaueo2nFnjubHsHsnEK/S18lYd/OMdWRcdRfQIsaVwM8/dAAJcZVgxfHen4u2cQR5NcMGXciDNPQeprJ6A0b2eqyNbc82I7P1dvCjaP+g8alk/0d6qNeacnWoS6BjDjQgw8QBE2wFk7hRJIY7V4XiQgQcbzzwDHzq+JegiQ5QBoN324jlWNBA1PhHn/J3tNhSp723EC8PNW2vHty0Ft+C2vbbvMh8zcxA/zs4yrD3AuaBarN3Mey6cRFlk3uabH2tRo3VwSDvQCaI+euQ3hK/G3Sc8WvQUVqmFJecYclaLyBfRvEbXpllCKGhJ4h/BQlDsJ0/BgfyWAjsTQg5hdudUqJX04J7AwMsw3r44qt7u3v3pDTN3nCArocUHy3K3Osq8kP0vYnJb/F9KI+eoSxilsJ50AespOUMb9uhEXTQR/WrM4Ukm7PEc+IdVIINoqFu4Kb0ZpAr2AAaqN0pxSucKdqkCuglW+eDK8iyhRMeu+EGAjLIX6cjYyZ4vSeoXF6ZW80yUa4tCO0pPFvO1QohyGkoHyHjW349+bfDPq1dvokj02XzhjR8cDc60BHfxFnqLMDoLrys+oVUjfy/cAd0tA/s3PVE0MNsRYN1BL9uqfTYMpvpLMbwDwFb7XvDcpQ2eOsud5A6ArcOQJnxGbh3wxbj9fWfhdfqqdlA96Q7GR/Uo+tZeBKYJeGQrhlIh7Uhr2EAK1YQLsoWLdSZIShs9eLPB53pxhqcyFuA9HZ4BNWKGYc4YTyFQ2pKpMeWj66uNn6SZOubfQq5MqBwjGIHQWGAWxeLaO9ElY4sWvsW8O3BLo6SZrB3mrRe6mhMUvQv/9Nzbgvi+RZNV5Ucbg+uzl8q3wjL8L24cVqg4ERFF0xedqVFNE1m9xV4wK51CZdqOjTOpVzLB6dktYmv3JqsJ+WlXGdh3e+OBTeu6M8bb8YXCTnOTl+XsGZlQqSKSSyzNzuLFlv/aovaTZQbKbCtvfDrHGPB+BX4/CpsMGAP6UXcBjapn+puRB5a5co2atNDbMzElKwfOio3Dwg0mTy5TOctKzb8VxHrM0Ha+Ssy1zF4Ole/CSV20ygAUwADpDhvzUWZ05QqF8NxzWQFUYe8hZiLsZA4Pkkp+U+ZS+2+CtKdtf7kuxqL6MDG9IANWXCoimRSUItXvyPST5G68Q9VRrb+6fqzalg4UMT/lU7qDABZYQkgUu5YNFkzNEh52phVlmz5qRSOtuTfhA2gAB34qrbvpUmnWbSowpE1j/vti/QItARoOn1/RAnkLg10lzttwPY0TvXhsDon5t2Id+ESupYciMHiWNLTJyVqEZakcD5r/bD5zcH3HYkv0kSJkEqgfhUcRMsIPT6KD84AV+6qeRWhWxqT8CBPCwVeu5GS75TZBktOqmnvoJiFEaIBDh6gw9hBrMPk2QAS+CFAA8/3LyP4roWmmeM6sQtvJtEx8T944+zsIJzfIAKWsOvqY7bjx0pKQmjlDaVqdayyLLQWsBVHo5u15zQVg4+b8jISABAy2w+Uo4/QuQQ0bJKOe0rIH96jC6eBmOcm95Py+5uspVfMsFy8kiWxtyFSMHqAdKyAAEBUAPoudr9B7rKMz75jnLgAAMZ5ItlItYZG1EBkRHAdYrpzAACb6UQPbYw5qg7BKfahYJH+ia1jH04dAFfYg5oJzUAAAhBir8CHEHafKM+wAAf1J/0Po0mNQogAELC4d50cAp2eJ47lDJoCVesHUxwAACJCe4J57bZEf5BzjC4+nM0iDTXRq/VepRUAAAo5AGUa+gDARTdJp71oAACvKFWRsZZAtkvNfcyQkUNA07D6xoAAAAFCz+KWR+8e9VFWNEsQAAAK/4tUsVAxsQ26NX6YC+6WwGmfE4/X6rAAAGN+DXYopNjhoA2Fzfj4pXwBbd758OGFFk5qhRLHNox7sC5f98IQslHa5Xv+j/ZTtIYoUZRMVMucYdMjgdTyiEfKG1objhONqJPVCdc8EYrNUWrR02oVGhhngaL02ZlEtWxjYoOLML1jGw+ngo3nORcXaRQ1q7AzpyD4o7AAEWxEKLxCdEdBTcZ5p0T4ArUOhwITQRv9DApWnWFW6ibfAf64bXz3mbb0z1pjH36hynnvnRaMooQQ8YlfZB4ZOW2v2QDwAAAAAAAAAAAAAAAAAAAAAAAAAAAAAChy0H7W/v7poomW0d4Tfhej9ui8t4DxMCOxTwoAAXNf45le7kzJ+gbeme4Jrg4zbN0HIni8jZKM5DiDcy3N2Uhp4rqh7EFHchZxBdu9WYkeP+c6bKMv+eMV2BPzpUmD4p/QPzWWL7fuK2aMVzSbOt9QNnofSgSdef/UZ7wbVjk1+Mr5uRJLlj0Fca0USMayD3Vp6gO5djA1g7vQSC2IHiN1MY3OKu0Kw0F1r7VH7XetUoo8d+WIemsImLSvZEpriJKuOHzuHlCzpab8zlRUr4yz53l4mOMNThS3teK8vYzZ+QV4Yb9VmBk5gxl7C1SOqSBePqgsXQdwviesovv0oYGtV+HK4p0EDUdFWYZPu0XjtQ+dKVmUlIoYmImhYEGfC7duTMFnDMOicoTjvDpgiStZ3E+i2Pp+t+uO2wih+rceoU3v5k6u3XTNUqRDHlr4Srr1CVkj70tZW7SFSS2HdrN2WVuRfKlAWoQEQjiqok2gOWATPTJO32/RpCuebtN0yo52GfZWZWxSPdVCzDdafEeWr2rlj25nbevku5gIvPKKc7RcTZIQrc+z5SD/Obl6KjLeZ5RTBN+LdpPSN+Kl1xTxkaobKuD52omncjyNNyZGilXv+NqARW0anvzn2SXndU+QlgObaHeF6yPMOn7b1GZ/ieNGL/iH0P6PV3iv7KS1vN1Vvt+XjgxkkH8O0tffPlQAB+JlKWuugOXwRWGmFFLeaFKmJf0IAAADCDqPSUJaeY68NPaZi8+El8nGS7sSo4oEMn2Kma2YkRAmtr74hYjCMj4RHmQbQfASkJJok2INvXsiYn2gFCZVrtP1OUIRICyIQa5XwWQuSA09LQFdQoKvmDVMcFkrRgGDqHcKd1lUGOX8O3rPoHQ5k/EN+4SWecvsnLf9fD13w0y/E7VSVbsUmBSt7gacznzcnt/fdu7e6jykQFNjDKjjcGK5J5a/JYL4Cg1GDHHXXKXHCJAQJa3arkUkW5/JTMwmSnrMpKNtautnHXQfOq4O13mpl6qhfL1FATrBIH6r9a/wjsrFn0bxvigkxRugdnjKfuUZCtdQDWzF9CZbkdgo1CzBdEEvbZDPWjGDUFqbhigd0hBoQ5g3nv23FghmnJT3AlNs142H7RgoY+ppDZslJxXFGZvbyWDYnSvZxYoMI9E8DaR6XXrmg4yNz8jcalW6JgBIGBd/mjheFpyhLlAbppXIe7xrMJK7rxD70iwwZQwE2Pxg5tMZ7snW624Wyik1xZEPpxpIfhA93qXNrcEBGcSNLgXxMf8PU2S/qwiPqLs4uiKFcU5psuQKxDrRwDWRFVAi54+xLb6AK5a4qaSYLNAAAA+xq+Fq2DZZMWvOhO1/UmbC6sYrcxpw3Viq3WgHRLaxJr8HqEz+U+bl7XzHZUhcMtvYCZPsyUl267YInkqrTMGenN7TPkRAwixZ7KBo9/3t8+TE+Wlbu9FJP/KCZWmtWNp0YMpWeXXKvPZQ5XK/2AAKbhPRtV0j9vLAd4ydzO3biTAS0nPDhnF3qCncoYlwM3t+ZZJFrGu7ti0acX7f5EelY/kCFgTqnnBuehFriYcS9gPhkon7QKOUR6HlB2J8QHutFzJJiCj6gaQo8vJIZTNEae5C/ceG5I4mAAABE/0f07CrQzS4c20Csk8QAADOxlX47EvVAAAABIDFAgorOcpAmxHgfq8g0zVTUOEuB0BcmUTsb3TZvln/1aA85IYoNjYu5pVPKTPo2tiaqWqg0YClq7PxbaKqDjiZJ+woowRqtqAo/RqQjHGLGJ5DxtWVhGpDuTfrSr1AMGj7lXTnmRqwq8JHOEAQXs/lUR7b78S05V6MaVWVRAAKt8fsdtRMIQqJpbxKlcl+1QdXCEeRgGDFpIstjw79zP7ZGX2nD5Kt/UkC0JxmERs92ZCjvU9jv44pJ8ZiHJgSWnXvPjfEpQb5E6CDKkQMnuutMCWim2zKC0fo3IGVlsU6QwJn6IIWteokz5pt6gaGJ/LtM4vpgBvMoaPhzNnNKFN1MEId2Vb3TAwyxQR5Pch/vFlWWlDgimFZli7mkXLMeGD9juefSOpH502TTt/IpjbgdmGYfGajdeuT9LAxyZPX0Omrkd0UyuYnCWzOP3OdjyckLc2K7m2pB079Wdm5lhyHJQ20J0dCs6Y3mAcRWVJ3052oDbP4CwO6u548bJuGRoZeEGh/sxfmDieuiAzvtOVoE1o2l+TyXsKpWaJ5AYFAw0d42mkOFydmxNQQzRtPUvzdgMjKHpazW8XkcVEn4+Td/c/4gJdpRffjcY+oFcK9WzcNIcdaJO06hAbv/Tdjn59N1R5Cn77YY9OY4tHyq64NDVC7Iam4bEpY09VZfX5ZOBacJGHww8sPQKtgSQfkygwA/trCpiipfzKZF1qey5C2zWarLgsgQqUZVx/ITnIRA1RpoWpUtTGTm09fHqc+7PZtLCXR476F4iQBC/x1SDnY9IMjikIceLoAnIIV5WP2s7GZx8h0IOk08slu53+rbuvFL2+TANEMoyPcjr7jlPVnkn+2g6ZQ5ZxKOZ34Is4IlxeAHZm7zJuBQnR/Kic0ok/S3Hdhlga8wweRrdazTlB2lNvzAUuruHpxVQwYb6ft94XyUCiADsAfV4lD8qzr7n+ZHy5e9ABO3kZq+42lZeERLnuGXFAac/5okXLZ0CzCYI14soi4XY/eWJzXp2HHeohaU/XbMi4OlTbuSPHCf4Xk3feRlhIoCDcmBsi1NlbJsPVBHo5RL+9TaXGildHn96Y2tkO8Lv4DAPt1ri0MmEodOl+pHY3g/LRS9MUcQcpXrF3W5qlZ/FOgd/KTduky5P+CEwkV4wc19YLL8/aIJiOLSq/BEpC2tlcG/JMjrtCHwYqnmB2P5euKT3la3aCbpEWcbl1LfGfBbN058X1JmLgdvMAhwvF8lMmpGvcO9fKm1/Hazs4DAFe/PR9VEdiM0ImxPxVyLHBu8adftHQ+flhCi0ryg8js08lpLyWEGt3au7nbUVUiIgCnQ7vVkVn2StFlc4kC3MH8TW/EbPX8Wyk1HOMwCUL5jFQsOs3p/9mLYX6lHGzTMzzCTJwe/4WbRzcqRvSDl27TFW0SUMVS2/klcXsLdBBiwKuCJvVLbgKP8AWTD+YdPjQTXHjBTjk3IJnLZ4Ev7p8Gwi2rMqfnbA8oFJ/aQiEoFfsMS177FxFcgWOLEB8UND21WAVbg1EX96HOORHGT6FDukTCCwZYsisEqM55Z7QkN2pVzPHedhtqqRko5uMsg0Rwd/v1PhV4QYdovm2inoPBAuGIiJoU3qD+Nfk9df4iCl5VD1m83UtxeWqCZCsEVN8O0W85pzlHWfxG70ZF0DXXVZtUsdlVUzKOgaBwAAXHmx3Tsr4ojcL+weN9lEsPZQMh8py3Li1d5J6smikJE36fUHyHrTca5ncmUo9mbbyzezJBqMU7IjL5ux6m/yvnvf8NCQaqkbmUCs7ns0l00L+4AtI0xB47QSGAAgwGLtw6VsF3HoBlj1zm2kOsFqqL0o4Vecjixce02a3JTWe3u1GtTbzPb36AFtCTv2SPTLBYWaJ3MklJHf6T9rqg/5lFcuGzkKvyK9GMgsTFHL9q2TRSOLBEC2rcTaJ3RXCdB+Q/GkCY3DTU6lDLtMIjYVX1MbMAssGkiHtnILT+hUHN8mIdoESrEjcbNvez69Dbpf2/vQK277AZRFT3eT4sU4EQZtnnSvH0KWxbYJBOo+4Y647Kpi2azMkv6R9jKCaObwzcpJwSkuzrXDQ02q3LeOFACZ/e0kM25oPvkrAUKVcQYwbFgMRIn0ldsgiSqOOJGeNqOfhRdNDSGzB0SdyMPmi7GWEtL3HzaSDTbcZOwk7Nay/qFi45OQg6ZFuRs6EsyDxZdOFWkojbnc0mpLx/Z6BMVY25nlfTf8m003pyslrsqikkP1gA3z6Uqkw0P9/57/Uq3Bu2Rz7C28cwXPCDt/vvPJtpbTR6gKrWaIihTMbQAj26ApCLZX5ZsetxHbGylf/KAgWbbDaecypNyqhK1vhS27WV+JGxa7aPEhWTyQSYDKcSChZoDl/DAV95Ua6AoZxqPAF2nZ+B2DVnYV94nbasaTTEu8+n1/3uULgS2lLahF8El66IxhDL6nm7yTAAAAFhu7vN7X3p3iWqPOVLZLqtvw2gAAAqANiMdk4iGXgkw1+AAAAAAAP39BTDwGPT2vPZS66nRyD3UeZ8WmrcswHIDvAd/IlUIEGr9GuozZBC0UK7/8gccBn+1I6WrQ3c03/r4y7BC0KyhR4xiy2exYlyhv9jkOVrrCD5xd8EPr+YtyVi11ylYLVtyzMjQQXI8wxoFqhwulNHkSII12rtjuX2d4YOaf+C6TD53SUvtwZ5GtDHefG50qi22sGi9LwyJwT+wzAKVXzGn7FXHB5Fz6/0C42HI0nfFtC744PiQae6cK8fiWSS+UIlUGMrk7x+sAPXK3q7FQ/F7hRZinBypBvBVTSL+BxmV55MUgEsrm6NYCxH+fY7IRVmPgyvwmcPBGcputXk7oMZmy0yhjNKJVCfVfY2k6+YLG2KvqWIM3m5NDgexNsYh55YPZC4yYzfhXHE79FLgTBf6R+rJ5G5/HqjCAmF80Ug0u/Yu4cwjcv4xmWcC6EKjaABX4b22DSziQ8ETL+izgpKNXdPcVSEiA12D0BDukc1P2/xQcidUVerE4/xGCEJ6CPiCZ0FJBaF5aqyLsFaOQBZYL2d4yz2Ot7hqY8ewpg3ozh7rKMPxo2/gjRwpTc6njuTlpOyadSOEqe3KTs0qB9+p4s6dCjkirK0TFKpoB0xTQXvLx2YyPWQa0mSQGCvkUOO3jt9xp9avke3h0YGLrafDMwwWyLunEJAw6F6Eg20aRIx2L5++LLUzIeyppcTD6ld0EBx/wBDbRZIVN8Pm03dEG/3LdTaweoZIlxfg1J5pvLkU25rnsHsZEXo+uUvs3a2WIGHwwWBB+pPoBtw2HwsKZs467VbJlP5R2TwSAAKYX2fqqzBTyqfAeMlp9vHeFwoeQ3bZoByzaTmH3JM2AKgD5lUbH4o1zOWU8FDD2TtrSD4usGnIXKIWWAS96C8jk1Lgkttt9JiwvBzvqZgWrsfBATCXjYnmp6Jywfu9/DpC9XsIXpWs5hL7pCHjiCakR4ZFEGSoKgOQeZjGHNwvu901rRSIQtQi5bA9hIo+VX0KcfujhyrPINd5FdOXgoD/Cgn+w8XhiyOWopRbssfFSDIgybYWW4sUMV7jVnIWk2JdqUu72zOpbx0P1o+HZEGP3mnGR8xCZYicVnFDHtkkZ3vXMl1SBedTtekidKMdYGza3nYfkVEFptBzPqMcQj6sjjAxXxIkf2a8D6dJo1vqiBZia+gqUypaSU5LwMn9jDOfrIn5AbWtWyOxFrBBF0NBTPPZrQwjETmcuAuW6/6IILyorGqaBtPalyToCNGTHlbQbwjJooFeyEojkUQpNQC5HHW9gyQK75H0R8ZIQ7YWgFOsuOdNPRxRd6VTGiAjpGU6HJ18A7S+JORfd0q65/NBjZYDyP5uX+Bb3vWz4ugQiGstnHHjxLxpYAuLtyl8GZ+qa8y5l8PLY2cmqNviE5wFCHsoySCFpsAxGf8/BM3DwVNG5p7IbtqkXjZM+wIDurARc7szwcq1gL+nNmF2zvvXwMrpVJOR6ntJjIyNUoesFFutOl3r1qBBBKZj+TbDaGZ8jDK9UWAI8gLfKoCs9ML3ypTr/a/GoTMrGuMUH7biy2aCEKdCNnhwA2HMxPWKqmHdX/09xV9IeuU7VFyedZVBtGGAa1ewxq6vXbuVo79uIR6fXoGaSTBaju0ZTJzPSZglFOzSwKguEUv8zHoVUj1m8aKw3Ndl3LtrSZTKmylkePZxcR8kErNiWI69MbXnAeYzr/5ZB5znrt3L48nJwmmFoq/fep0qvkcNxObVwr6LJaiQ2esVLPMGbdyTGotd4Ckzac68zUQqUIrC3dpRZc/JOSOtl2HZ0t3X+uLuQNNsO05YyA91QtQQFU5FcfSBikHxUP8NclSslDOqZUgt20LE+CM7La/FTuuVPI834C+bEdUW2h/hmzh4T7nl/Ne7gxm84+gWeuJMvtdbJkZBcxwKTxMQKcXbJNBfwjeHlivFOeiThYgLckqk8ewKrPzG3KRt/WfW7SNS5Y9u/ew7a4FXGIZj5EbeSl9CoHTTzCf/CgNvt2jwTsdOxf1iENVcYCZVz5tQQbEb9wpsQfMWRr/TQ2zmnlW2CZ2ZMtKkB9EYLn4Xfz0JFvzN6jKFgK4t9ArSD4fJraqA5OzkOkPoE5UPDg0U/azQLL5w8oL9Zq8C4GA1u8y/Cs8Xeitwy+AGXTb+9UsqbtOUP7KWSUHtUdrVP+V+llQC19A+i1IuGD8ctxBgq2aj2u9QKXsqVEbMS4Dr5XHpB+8XBkWHa6fzOMhK78D5dlT7zGrhZEauioqNtu5eIM4eDlAAALTX0OiD6vs3QywPPlkh0wkqzj9iFBzVXMfYpg2XfJqGTbfZLMGcGNY6kGRw7Gqrqc0wsFICQ5VRx1+6c4Iqh0087zlDNM676y80EaHE1cJQ2yf/ZwTsK9rbUaNJfRrqM2QQtFCu//IHHAZ/WwUa5LAFa0uZSuYN4YvGfxr7oguGk1D4Ge+kKre1Kv6wFbXSp6zcJXBxcNdhj0nhGMn0Kkk5ySXEp+olRs7aoDCA1+L1gPELZknmoKCEXu4nuUW79HZ9J9YhooXa1uBcel37v6aycBgogmcPIp9OAFlpNpvuxdij5/M7p7dmcpcml0j/2ecVlW2rFHmrMgH5oNXcJboWc4Th3CLobjOo84fSWZspa+sp1HZ1rNAzDYoBF4AAB4gDCIX/tWrqxLT1ljIqd3RRogY1CwFWSExBFjZWjlbaKiskcHgVBU3yqsjES8PXyBM5wkxvGsgiqFrWtD1E5F6X9OVfzoLM6zGWJ/J9v3vWup5OHPOTn4XHVXVcI05BnK4XlGZlsCXWmG3amkfi0TN0tyH1byUQ7Nww4okzMTKe1brCpXX16nsouKqNQgAByM6F8oeUhBI+R/boxCrr1m7aic/ix3u8L4RevNVzQ+rUXlJQ3xNC+QgLZw3M4OUs8c8sqop0tlOnqEX67eSS+Mt7FyxawaWlCMJeHd+0e1HfrWNP06aVLdSO1fQEtYRwpHYZ/Va/YxLvPjJGsEDvZllSrq49OdFASbjhXwktmwZXm5Sr0WZMZEhM8fVzig7FH08PPgRPvp8ihJf1BNYB1aTMNuuO4+hNigpqPouHmmwcYdQDIDO6uaRfwUVXgQ3fLlxm5T8opV7X+ZcVPZDJ5sPzKSDJ8mUEWrx++XusB4e4XFt80JxZASTSDcZD959hlFiVXRtl27xC7d7o+uas61P4+nH8zkVovk2RJjoVl41HrcXPFhIUSqm2Ivc0qlfKKPCaC9Z/UvX87TFcTOCZfZWR6nuzmjY0bPZZLOITzgT/U1R8azjiS9U8mI8wEfT35rjrkM5w+d/3djhvkO/He6YiKstoAG4Dd5U3isPbC/hse9kyhYHDFRnsNtVUCwK5f51gNJZNMqpPL4YH6edcP8p7vqtNhcyxNS5OWJ+yAjn+a3TfGyPoXhG8fAQjMbVUFV3qU9rkgi51BGV+gavN5xc1jREiGl1u/49R8dIYuMa4VfwwzPDqpPf7vGadaRGlI+A87zJIFQlgXDUR0u0YZXvEJ/Qo8osaCmIUgvlay1Xo6MbzgjJd/xnRj0UQrPDoywwrvvn2YUrutydUuNqt4z3Qn6wm3QCd+Lzp7Dy18ple/KSHtZmQ3WGH0GBQxEiLRspHI/8jIFgwlKIt7wfpqdM0HZjMpj6fEp+s49bqqJuCB/0hRTu9n1wlmN34fE/eSGl96x8KEv7gUetMSfxKtuPIage2beWaetGYgsUiNIDNG0zlzl98PEARp00K25uTBl+GtPQdM4oSo10SBtfinSgyQaxKhIRVXJCDjwAXb7jlLFufT/OkQv4ocea2ZRnJ17L2PNYUnCEUtmcFj+GNbef5F3SQXWbavkURujZES/ZI+4RFEMVQbbYa+nSo7L2QDkUwVbrxf6Wbj28rkY2V/MLoYEENyO+epgyV0CBAOH/h7/aZ9G8IvnRPi4lJMGEeKNV6qdEfpwo9x3E6s84YxvID1keHuIMQ597ZxGC6Ta5HsDXxWvXApTvLBQlNq8a1kvDlNY8OMwaTL8qx0RimCfnat4GNTT9WukRt+O6PoVGjXl/N1gCeTKIXW/uKeifD0kZxiB3VUhx0JuHun5OUFO38YDkIppKW5u90qao2duSefqqavPDHbOBW+aW9KEYU8hwGH1BMCy45XCQ219v8xri4nvZfBlR9oPtCDSuzZA5LggxFSTpaTPdhbMVw4Rxdh47IE1oCcXrBcbLCN/3qL8kiUG4Or//ppxBFnaKgL/810e6ZLKmTqIib8YPm6uFclLFLNHGZjisG475UHfhg4nRFHPnOgaM8aW9vIQlASDbJz7Y28MRCIlRIvUmu79BwccbrSrFQ7nuBbJlx7r/gmrxTY3lQ7rd3d+CRLhAWNIMo8ZkBaqTM9woptNWD0J6WjB8lE7ERz/f+DkaXW57wZkyibMZWW4S595FyOeR9tDSqiMSu/KDzVWfL+OjrrAB8zEi3v14gdX4hcDLrtvm3W5OqXG1W8Z7oT9YTboBO/CuMKUalulGzBeR2u6EQ2g5xgl9nbyyKNWBQZBB7oWP1ND/IACNK0Ay13YKGMZdl/MzggniJcD/K2gQgqdSwZHPsKBuu6V0c23WYWxDy6usgk9VsDsJuRWhJ24hD7Lj4Bc9qjCkjTpoVtzcmDL8Naeg6ZxQlRrokDa/FOlBkg1iVCQiquS6bpJmySY6YUT6uPTTf9XwHmwXRcuzQntm/xn04t5o8YJV8cq/YmIRNesF+fspTGg9m0a/q2PRqYwRh7DdYfUwlZWFLw+vZoR1DgbHuI4giVw9al4OPrXx2R0d686XH6WKKIDWUKiNImaKHJ5cSiCRA5imrkl7Pmj/zHAgE6fPiuxWIrYu7un/eBpEvB0q69+Es/csyXPQMc6zlKPmSqR3XMSIWx1966UCkh5Y4SnnYaXZkhfCbOur0xAuGAAAAAAAEl4c0cNpBlWQ1YZHmgNYAAEHmZAxoKgHYe07U6KrjkAAAAAAAAw/t0JcVCaDyfsmf81i8MTg/+h96bpXuFjF5ei7BDsZsXyrKYev4i0w4wRRqcISV+GI7L9xbK5sWIDKR1DdbD1n1ojQPDQIl5HZ357HHDheMnirrHU/0f0/hjJ8He1/OrHmOAzuuMmK+2VTwyxAsbJ26TaE/rUv87kzS0ztGrzMvTv04avrAZL8ndcMQEe6BprqS3iU98+AOyQJdVK2xYMsMHNYzkcPQZyj2zrT4ANDdbw7AIR/pwSPs5iuYDfNRk1iFuFmNOZ0rduruJNa75q/HAOPeQg3okseXXMTFz47kPFSSqcaoDnEiBDUtpS1v4hAlXqKXLEH0dW0QaAn/5VJh9zFWZo/Wr7yuYrqHWEHLiaFxBjZsWRBvjkWhl7XeeRgGfbhlZ/zIvNJ9cstIRw0wSwUCZSveUYJRtc2JhHQui9cG9zHPaHMfKSFsqWJwF/MmOukMIsqvAwU4Yh77drlJ6Cg3WBmOdals9TKJqUJV5P5+BVdEXZNTOOIl+sm9ab8gT3TFtKdmQO9Aef55eGlR+U9r/tWrqxICs/xyb6SEIL45y9GfIbxPazOTUnKJVTe8u/ksaLQ4M3qkNGW+ScwItmcIvztxx/sOB+l2TvF2zAgQlZBP/+OTfSQhBfD9QjXxQv+/vyVnbFVu5/1+dVMO7oioRQNHRZRa8WdYOSrTB8o9Klb5ecWGPgyYb70uRVNT/45N9JCEF8c5ejPkN4ntZnJqTlEqpveXfyWNFocGb1SGjLfJOYEWzOEX5244/2HA/S7J3i7ZgQISsgwHRGF4Y1OBe7ztlKblvY32kEKzyECzPenUyFHTV2M3DMn0VyhMrI9lLZvNMHtL/1aNqE9Z9mUOyZuiWehiP0upo8F7s0hBX6XTJbaJaOwxBlKZDws9SG9v4qA1dewhib/Wr7yuYp8wGPYMwOquwxiQatIQz4LBftrsGDBfZWPK9suFowe1lHx71URGhFNkKPWG8K/2Y9asS3SyAnh1bjsluhVHJzYWU/T3uIeTVxfLhCM3PzSr6QtD4uq6/WlDhzO4HbOzFo01i6QWBVnucQFCotmYw43uADefYWno7DyaslPKFcBXD2O5OGPwOg//DDEwzeNs2c9iIiuBe0hh6lAw+1ndh4CAtOMQGfPgr816zuam1NHQ2YI8n350G4mK3CCSGdJcYXnk2E90+MJ/UBndrYC98KBgC41MduscB5+pYcaZwKT8wWDFa2vJlYM1mbJkhfEQ+ostEYJe7VjR+1DDnXORqK86VRPA6ZXsdTbajNg3CaOHwB8B03BrdMFaHUi6aiVtyNWFzln6yKjPMkRZIYHi0V/thzFdPA7tfbD4eU1Ua1AGaGAzQz5KuAezgdekq320A/33Z7BwiDFnj1OJN3Ri9fRh/BAcb+ERF/1+9rtPtoAMKlWrSHuWPbjLrQJPE3P4Btimfwu6Hf85pMTOgQxRDJvxuHqpUmWB1RjMRGf4zM+q8CJS0UFTGS+u+8ES9VOEq2sxEKupW4aop1+4L1FKKPTax13Ykv4BcK2LtCbx2Jq8M8DyNx6HEmNuRIGsdd7TXxEMt3MNEo6cCT4wRVkAuT+JWdbdzcSVZixZP8fwAAAdCQxQuOxMI9SYqP3rIz0qXR3G5q71oLIZp3P0hG+N4XsgvLHYvE6wpSBfBdFCG7p3GHDkVFGPxFVKzG+UXGvJ9r0xP4qddrgpMsh5XCPND/y+BTHKZWetHCnfH2bMCIwDX2H4BPdY0ZWkqFhW1T9STgFmYeh4RLd09ly+bo2pSrWKMlZdFiEdeLUM1gLSvBV+whaB8Bhe2GkjATHQH0l4v1n4HaKzTYWW1xbzwxrluXsPzUO3UiKm6FLrqIgx/tn3Eira1BqfyjmVeEZ444BIwtrSK1WrvZ4TsSSfi37tNEIlBh7gghQuKrtC039rFodLbnAEYFRpm0GcDwV1qF945ukwpn+AhZ4UAqT7V1xskJ/CXvQR0A0RL0+rhLHL2D0cgXdTYW126T+gl8+P+ugkbo0cXQ28Zb9r0fRFDUS4WUM9ucZZOzrReT8S+NVi96uf/ksk4rLDPexUiMtyf2CB080b/jxVKWElE2uqAImlxAg52KBzglIMJT7JXT5ukIxDRcfsz6pt23GS07YaegnjjZ3Ms1beQ+jp5BUmWwb7U27E9acoonbuBQwYm1h+za0gmD25NQQ4JTN15aXt2NxfE+LwjuDkoVJqZFFUcpshTIREbSl6DTOc3m1smSYA72F3CSba32WV5Tz5gzWbDo9BCY47Q/QnoYGCtrTKUiygWDoGBql7uqO4Ks1C4GSdPFJJFZk0Ed26GKKDN6WZOwmBPVyd6S9AMDsDlezAlPP+RFe0xcUC+L0c9Ldk00dH9Rg5m5rzIQmSde1NvK2waGNcaJXahO73o3Wybd854lrKpaS4SzfKCDNJeJBfSFimFDPHWE7Ojsea9j4SOdHzlBXxl56Sn76Ja9tjsUhPlUgw/obzP/PnzmPPjOQE9is/w+e8KfbWJnEsMbiSEaoRdLjToBBWk8aXLezK34J+Gl81OvEG/pxkIvJYXAdiwm19gIRlqth9DtsxtDReJKr7jh48mMYbp+4ajvNTshdPVw3VO/SPV13zLWTTUpY4gbgoUeZArCjNk9qQInwdWeCUIa3ULhoGVZFbctJCYNxMW0gYKqXPDGCkPhRvdDxErVfojeumGkI+GCrPwf9/Urd/bfeagdi3mB5n6s61fTTIVcd5s3RVywTMn0RR6ncDgBURgma+uXGlnlxrVWOACgPUA7YZQNApE/V6Fk8yG/1zNMYAhfrv5d3r/8bd9TRp0x3114v7gJo/Anqpw+SpRiFRxYVjfirQo51yZx8YUJzmC1zGfxuL3aR8Q+Uxknzn1hIgjfyoH9LKxjknycnDfXBBGSQ1DfM/f2doE3QPJkd9AG1tHSOcjcza4DH9QFEtC2lTizQAHrEtHrxc6a/9uf4lPwWWUUo1jtdL+zoSRdl46WrcFlVQg5YLUjdStEigGLNknhxTLVDUgpEMAmH34a03Qlq+/KLrFjb9p8H7mHgoZk4CAqD3qL5xmBE51qeg8CAoXTHzZ+BPI212AtA5BsPRmiGS25hLJQAsLw7hAo9dpq7QUF+tTleDC0ohwuThWQLR6BnKX820vA1d4XugUkB/P0yFFkxoGmtseCD3YXJAjv8xJVXh7HqCcV/pFk8ft4AF7I0U8WgIhsxPSl3GbGQlL+CT+eb4HIchvWyTT6AwgJFJkcEtQJqLavbcYETQh18FU0rto8yg4iogI7OKbOtG3sxxy0epWEHG4768FvBL18cewJPUjBOjrf4caY/QQ+BcsjLe/9HfWm/PpNyPo/sJndpIC/mdyo2ztvehUJ08a1ahZ9umndNonDsqZb3/oVvU4vsJJrWdkR38enOp7GDsZi2aokABQXrPmnulZ9umndNonDsqZb3/o760359JuR9H9hM7tJAX8zuVG2dt70PD5qZQdWNk2KQaxmcmXTp3kmUnvY/9e8b8B+DwJWTV2+O4BXeogJ5MwPxrTFJmS5NM0316HN4tH0+j7PxrMShQtmAdNhEfyneMzMqXJEICusHRIClhL/nYYTQOuFw4CnrD+PGUKyxME18AAAACC8nbzzH0xFbabuWc2fesAAAA8zv8LrhGa2IRqTMTGioAAAAAABq/mrJk9gB3AMvKZlRC7fQhx3jmlXbTaNjL2qL6qDNKpZoV+0rDdRUggql5EgTP7N7qD0KnWonGFkiO71/g1IrMQMw8eyhVqQfDXMjcBmL/NN5SJ7jlANY4VzHcOwJySjH6uZNnGNPTLMqR9+VM5B0vZcKlZDiHe2H9DhEoGPT2vPZSiHvLI1f9NtxnkaiZVTq6SaDUJxKmbcmrL2PmS8+u2ERnvS3z7nCX0RQBGy5v0kbPZjBtYNHE4VUcfT9pC9KvNkNvvLYSLaprShRk1SpJIUqAirL5fT+T45YYVyQEzh1/YhvRQOMsjr5lcd3hkUCUg/IEGWOtnU7D+mnapR+jln0prhTiuiQPU+bmavLl5fPnQmdyp55V7Ct9f+asmT2AHcAy8pmVELt9CHHeOaVdtNo2MvaovqoMuAPOdu/DgDp/25sULaML9ISFo2zGwQEbdcLJEd3r/BqRWbW61LHfefQWVaD0RJ97NJEe9y7lFfW0UvpLnzf7LwQzBTBemA5gogbh9s4725slkEwVTV5TtPvP8n1x94PkrukYTtwGWMDpL4wA4GhGIbBZlJwyX86tM4AWM7B7A5G1tpttrmkp2MaoN/GiCIYpxgzUY2vcHTuRAkUbgg1MjCmZWWJ1mCjoi136QVNBZoQH7NbGAj+98ZxVD4r4RnTA65o2LSWQG+1ZwFdc7msLglL+mJl1+fgLymraYaSZC8yaAjQ3xvDSsOd3pDqTdikHklZC7CiedKj6eyFVqYV2czyzWobdW55c3z/rL0KAKE0LfDuG9kJG2+Xf27jyaYMC4nnJOlh2lPVG09bSaXPOsuh10YyDlw9U9sI6jQHw68MRYuVAdCE6p5bbnjfna4nNQGkdlmWaFn3WB53C4WPUGiuFeKojZYVQJxzsho9Y5pa9XHU4kgWHX47LiO6EKZXZt/DJfF8a8Fg5CNmdR0o6BW1vPE91iryw/hxs70x1gNMFzXhCJSLCzc9XFgzTGcF/BtNX37WrpbbsjSu90zxEiCgIUq+TQ0EYKnnNpT+k3UHj9BeVicm92agRCm1XfUNIBHkfPup9V6DD5RoKbZIX9Hrc0W0yjn0shNiLsk1oYZs+FOQQ0bi7K2L/qxcd2bfbK5r4c/8uAxfmbpPuASURbxkFoFFsOZvwdFrysqSmIZdr19y2atPQyrclpSNqg7jM9Qc3IlRcHt2AhYSLS1gCgk9Qoe4HBq1NnlZUYQsRZm7CpFIZCV/MM+ZzidcYZD8HT6zMMHsD66/Fe7bxX1l+cjY3Rc5iAy5NIYKvJVvlPxVHdpxOJplVTdJLmsvzpzNuytFi43D7Zwq/k2BvMN3hOdhHZndIYqVr33q4Ny1a9+hgam836/OKjC/l/HDbaHm0yUC53Dx9mrxxGygYsY+3SqZOgClpX0XK7v3xtbd4ICQcKXSAbH+P8GDAoeFHq/DMvd2tOL9cAgUdDOBckLoNDaLeBVqimECdQl6+iCDQ1N7TvhWKDhAspoRu/GKZTyI72g3DJXG//WNurVnmOzyda8Sn0+H1g50adxtMURVjUe6c4cohbkkwk5Lleu5u+cLhjzHS5QADEtoSeij4J3W6josy4zfnMrg8e77oeIQZtHLGCjvvW55I/bDIEkKIkPTbDIMD6ucvqCm/mneY3gu34O4k1GEapQ8xeOhYPTy+GB+nnXmI8VqC+FtFSTLREJ+XBqIgvhKVf5KoomDefyGHIe+K1/dvg1cqps3s2wGOpejiGzDwHhUmptM4tsfwsm5HM1Xmbej3DdBq3bY8EIawzf8q31QPQy/tu6hJLMsQPErIX3XjC5EqjoKubu94CpEgLXuliIDwETUib0yfgv488pkG/aQXB2PGI9aYc9m+4+oy0b9CZUiyHFvP4KXaowPulb2UyTE40kgfWKgnwP8PH3TgZA3LqlGJ0zuA4Cg7O60BAfouWjsuO9HHcuODzP81oBL/x60J1zowWvmQve7U3aFiD2stKKAQgK0+Lc5pnkYPfl7cRDFwAjq4vx9Tn6srB/ffRRWFgWanOVrfyjSH+XCff/GyRNI1D9Vmz52t04ZVdDQAAp2DhX3N5tJcWWxfPjS3iiIuKs2fK0AI2c/W6yJbflqT1iEAFfcWT2BQAj36SnyhAFFVYI+CsLobXbeXiIgpJRgI4NAZ/4Bwlyb399NshfCX3ocSTF7MtohDomwAXSB50Lefls8wX1/9RvkRmBc9hRiGxRXQ/GG27Wn409yXmXBFMSjCrwJCQiV8MZS7fW3izSzRT65AZrjb2CGjFJaLxoY0jTewV/NIGDBtwZjtmZp/QdyTCUTkZuhZTvqH8KZFXHqp9Z8BW4dk7L0Bo2mN7zuhV7gTsrAnIf1O8sqQPmrEWWTBAw8l536vROdgv5TTdKLOlnyp+N3jDlo40Ylop3kfZ/+RWQnkCd7svzQVXFHEZp4v9JjK0/6dv3A+IuTXOrtMyxREJ6HemgKhurMSz4c/8PwVMwpo2QH6femVPxJ8LRVxLxJ0NQZTTn5z/lXZWHyHuRrymRtdddUR287bBLmlm8oUJ3op/chXymmUH2a2O6b2KTaBTEuc3to3mXOjlykfwr9J9OShf2v7uWi8bGHXDQJqihZ77qcG7oIFdM5NDlrd1cK0RIpI20IO21/F3j11rn0UplE8u9CugUTW1VYdOOpJmL7Lka+lvQVRUYc7klxrlMGyLBi5RhXg0UIqN6z+3PB4FgpqaxO34pWgI+Q+l706uzrDaDltZwaHlh5sDUbLrbyFX8toCFsQBvqkT33muNfrEr27n+RBwSyrxRZ42j4G463AlvkPotjwxdrvvvfqk4qvdlIc9DjDjHB3834heb3ejcpDVA9yD8J0kLW2seI4OcmnZDoAwfB/7WwMbArEu8QAWOAygvJA8y+g6o2IRiUTppv0fanwT60TWpe651+3ABtY/756YaXFf82WHa8E8IC1hEtMkJ0lMld+o23rMfdL9Ort7ASrWBU4aDIO1OBEe3wCpcfAvgNF7bPEkv7a3X4WtKW6swzoVOfUSnilCN2C9u1wi0C1bFmgv3ijw0tIu2XRBpB2W5bRIXfpot9iqziSdAUGFpyA6+TYvWJQZYJ2b+gCTPjbg6XwG8MgeMYJfOQDVUsro3xzH7m/gqb2+1mERmzWmJ8t7uusE2pHLw65O31QY4fyM8bGldJTH1YfmhBleNMvfAfjAdT6yFBJksiJ2b6WJJYPZdCMKSZsZD9mdKlc0tYtJUYXZfbLnWLjkmL0HxBW0uUkoRWHvrzuMx/g2Sa9z0ifpOYh5MK4pUDEOu7G/o1fiIpa15VUluT+Yi86WJI4d09YL6SP7OABXNbQj2Y3WxfbknHMRndXll4om+Ti7ZhaTLtz/4pFyAgv4FpChv0oPDxOcXJckd4F21OYIbp5GTXIa4HkjZ7jYvkx6RCGvlGW8l1dGABJS2Z66IO2DDJipta85wa4Nede6+5xLXRAlkaLJvfV0skAZ0AUVk6fhuaf5AdWeXKWZuzqvEGRrfrHt7BFxNGDScHq4gLqgdMtcn2qpxhLEksHsuhGFJM2MoKlJRSIAeDJwRbge+vO4zH+DZJr3PSJ+k4S+MZxG88FB0RBadZAJayplcpiBCz8fdFDh+DtBqftQWVGuRGGiFaslZbIsv83k+4aWL3qL+7x9MH54n/JPxHH/nmpE5r17Sh1KTgziN5XqvW5eI/Jfv+PndVMCBF7gxZvceJQx4Ld4UwMQAEABQjO7QiJG30R0KEijvMmzOf7VOnvUhzJ+AoqT3DPj+xw/NfRZ8QzAtk/s4czjULbecjPs/OlCuthgQq+FyvM39hKBUmZEQU/+wInkOSw44bMp1xC9nBR76hEIkQC6pLUG9ZFFgmcHFtEJn3Sm32s0VIN3bD6heUa8+7aS2VEchImJ9Y98AbSa+c43C82BERAdDNUl5plEnQTZ21DFwvnR5NKpSLq0wlZ57Rhyl1GRD1Ce0s6PXafP0a6fMlrDtUxyVj1gOHjK4Fn15gcffcNRTcSqtHaa4s+LmAVJedHG1Dj0iKKp32RtBSFr5/krW5JcyJ3ehm3QktXaSKteTY9vo8t9N95AMk44Pu2mQHW78m35BSivB7ovUS694Uv3uYEt1ufLzjouzhaA+4iYWWyCMYrMxKMIGwL4UKOQlikikhAAAckMzVtfjrG9UfoFz+SYq95TCnBebrv/0Px3x53vyJRhp8zt4i2IuP2rmX8j6O259BBtGb0Ur/eO+YQqLwiXqsbo12w8tVwTEHr33qHkckWWCzGhyoVpWo/TuWS52NpvIsOIbnH3NM8KWjAXW35q61bBfmGlRs709x5EYy1kwAACSFK5Ku9yZJwpmnlQHodJ/mhDS9q2MJM2GDeZms8y4kV//ST2qkqDbpEeayJvqOxpq/3TGUnHRSbCgF5y9TOQ+rlGGPaamlmO0KxTPLfG3t53h1H8SDK52mjLtYO5GQ6oS0zbB0MIbqp8+r1VxkZO4Fj5QyfwonR6x7iLMzYgAZSl0gh0FPmPJBoIGNzy9gBd9I5KX+OdT8wXhTGvsSUKe2ycSSSJd1S4z+OLj2PjY5Jq45qhHgCmc4a4/TjdISFdjASe4LYkLDP9P7ZcrpnNus99lln+IXMN/ICx5GK2io8AvSIuFp0s4+FASJDGoRI5FV38oGO81qmiZt3TzM5Rc+lShS0Ibv9DwuCMBgS73CExJXTM7BculEoQ0HeTrgIvS2tZR9iKb6qWPrl6woTJhVcenVRbuTV2ReyapJVhuIsOjEP/O2aSFitQPeSgceknWfpPdDJk4olRCvZwHDCIqFs2vC/IOLkv7q1hGJoD+bjASmt2GbldKWhGwAQdrkGyMmSE3AJPiOn4kXs87RPUmqRn2gzX8qQsIdn4iJx5tM54O8fQytQ5rlsCSTPze+hrDZ+UkXeuM5WqxvitioStJShOA4cMvifLH3QPa2PjaeyfunH5eSjmNGOzWWPyT9MuXMQY1CCC9376ZUPeBb+QB49JiDjBBbka0KNdn2NmmP7ojaamRWrR7Y5Mdtf4D998cPErkOZ/cMP8R1bS1bXiReRRfWSz439ukDc8leEb6hRTceZSfZhl4FPaBbCck5M9sr49VMuXJpF92SCBZ5z7HABd+BsJn0d7vdLW6WZzwnMcC5Pa3EBMP9Xcoy69WDU3GpGen1a0hkUas6/SirL0ntafIJ+03X6grtCfOXcMa3IOwJcrCuqkInHxVWtk0TwSWb2PLLPz3Nydp2vBpqFNvk5u+AvE6M6HM6Fz000GDNVrdFrXV29MIM98yrNUC2SFoFhhhkHcPfnYz7xKfnLo/shhlKxFVToIxEo6IlZdHpcZUFZzZ/JwxrdZNk70Scn3Sz/NrtnEgWYdXWzD0976//ii2jNe8d35L+f6u5Rl16sGpuNSM9Pq1pDIo1Z1+lFWXpPa0+QT9puv1BXaE+cu4Y1uQdgS5WFdVIROPiqtbJongks3seWWfnubk7TteDTUKbfJzd8AJ2iDdPH4Nsh1OmwjcYK2B0zSWhI8mAlzIBeSnAXubSUJHM0YU3ExJTZJe7q4NxTrV7oTSxyqmNCtrllmEyOghSRQqwN0LcIZPOfoPIdgkcKj70gciiGRLgnUY++WFZmCqJ+DnwUG0LZynG0ARNX2qZ8y/ILSanDu8zVxF3wQqzd/uLpm7Z7sQTMH2b9Co/ByE1QvVl4X6DsM8n8xhuuK3XQ4Il1Kt07O0nyGcgZSVRIG2NsrD14NcDEPF3UncRTuuKC885DheWuyDGwnvAkUrf+XSEOU8sSw0FsFjkP5nXFyJFmk6k0p6qzA97at175SPIXiTfE247eYmN8FN9h9wGua1JA1QLCWvZEkpwMfH09IjmnR1wn9ovHrI+4iNUrAAITJlD16MSp4KQFlT0ym03j7ljAgfR/qEeGWYvr45BK7cmJgRV4n9Be1vEkzmV1UsZqFmWK/q49CZeu1zGLlG2HJrKiOr0LjB8+ZgMKDdFYlsShiCpdVwNDGRKgAAAAAAABePw4LVgodEWDzM/iS5zW8XHRKdC5NhgBkErfsXLlIxAAACVOgmVLuegPiRvWNQm75ymkfZeqtwu+AAAAAAALb5pjW67JxBW7ZZT0OvD9sDM8z/dz+r++t/QHfcE1lCBJSJdXnnNYPhS0Yoz1v+xzcVDupTG1gE6eGRprnTlmclOXQ2MdnPCMuuW0NzKLoFbrf7xtTDmHWerqadR4AgNKaBOARqoWpqcxgbivx2Xxaqq8eedwLvRDB6P7Im1IiOWvOznNYYL3Fl/DAw8dyIElDvUYHkDUiD+gtAjAzGoZ32N4yXz+W++7Mnm1/Ys6RHLtTZsf4+S1C0X2mdc4Tu80FBm2bhw2uVWrIrF2PWjmyDcQp0583DRAz/Mrw4h9pr3Lw2qnKbiZJkm7/VGNAYbFMFFD4EQaGbFeUYCKkjNnxH+rGgIB/Z31XMmdte/7Bq9hW2ecXBAVdcdQ3O1BwlSEZIrI+jP8xFX+A5xQiPxKJ7r7eRKasRR7Xk6szn+Bbyq7pCI/L/6+MuwQtCsoUeMivczb3Q3VWQ31Yy/Ux+nP/SRrRujCq19mVbdJ8TLCrbT/OTIOxekKL+vy62SsWuuUrBatuWZkZPbhJ1LxP3sm13jxh8WGG4O5fZ3hg5p/4LpMPndJS+3Bnka0Md58bnXQQHH/AENtFkhUPjcgBSu2lyeGgUFth1OWvg2lDGNoobsCGuI+jQs4XhP1r7Dzlvgl5DbBwtfPIuYh/RMJVvyHA3kw85h0pxYVDrnqP1mwlHEIilPOxe/lWcrNsdz/Cbk1p7drHIqYBP2qKqzu67pvr/X8VvocENdqmcTOJr4fpfHY+WYDQI+vDkC5A2qZ5n2ngb17HhRvfgvrWNtxu8NWxUHikA9xxoba9V8/8elAhhcbpPjRfHP+asmT2AHcAy8pmVELt9CGhpw0gye5mc53jtAmMGBgJP7+xn//aIJ5Z/HuDvuPKVuh4GsCUhFxgHcPsO4chMKXYfZ7rZV3n05ry8h6zKE70VQfIvHLjonsjPEgwPWqxy1yJEqrUCwFyeC23K8338pDo5zsOVKT4MRtiVg/vvoorCwLNTnK6npMaTbKGQuS418dOLk3WGiPQG9H1eIgd/RAfMW8JeVdmGQhbncAyGjEeOcM+m5yRPVa6cQ3ylnROOGvyB5Gp4G2HFBE+iu/yDxb0dThKvh3OLpUD2d/9k5BmjDGAAkeB/KOPT8d12U4QF/Pfss6LvVv3cFbbE5X5GQni0EsyNydGA/wl+/9r6JPP4DqtdPDCqSi0akmXxqL6iXtwWvHIEjCe9gWRuFQS8gak3CeLv95G0XZQq1IPhrmRuAzF/mm8pE9xygGscK5juHYE5JRj9XMmzjGnplkpO4wY6r+1Y2e8ZV1p8wKy0blymZJasAlSdNUf99z7Rb/IanvsAreGLySy1S5RpHUmqvns1GQnTuK+TSFpP0E5kFAXbREpB8PmW5Tf5BsYxqr63xLCGAG3naArof6E0jyn9bwKtUUwgTqEvX0QQaGpvad8KxP5ZJkPh9uMitRlicdAwrRQ5AV7uebT/HDtUIjtIeDLreZ434++riV/Lq1wxavqfHQemkSOzyda8Sn0+H1g50adxtMURVjUe6c4cohbkkwk5Lleu5u+cLhjzHSpj7D1qM41AhuIJGoYGpVrr0l/H/lA5E5+JKkROakWc6HJhT0joAtEPJtTxGNb4fMfcvKwBGzGBFt4fbHHRTXpXZLg8CdlqqlKnmTiRkJ5ZMuoxKSX4ll+jOpiyv+GiQdUVGRIipsZ8x0R6jJlfOceIJ5UcBszPs4o8x1i/yTVlcv6zlI/ibrFARZDLWRlWy6AGkHvDTwB5YZfPgRDP8HBAfWO6L39ZoMqFVNbig768KsynF2phSMeWArpoL3RBjzyCWcIM7mSG2ob7btOWUKjeDoEfIpJU5qVolOI0LPvn3FBq+V3FhPKobzIjQGF1mjZyRHzD7R2cG4wsuuvBFtA+EtnaIQo9G+VnV/3g8UhW2OMhm+lSYABdYPLL4/x2wZ/PRAmLA2K4/BQ8Zo9RLWhGsO9EO+BdmxYjN7szHEQ76+WZ6fDrcQT1UvKqVjOVjCGPe6eKFabjvfyI+mZEiQqQi2jwkjpy6i+RWoqnsE4CGBs4lS66ulX2SliOhDGRVt7TNXXuXZEDuyA5lyub3a37g/UcSYJSUj3lvplEvULqDL3DoViejxEsI2KJAiVIIZfJdc1vkNIB5+NHRMAzggzaeq/tWNnvGVdafJ4UX3DKqgnOxJ8+hicpjljLdsIOzFJuWbWT2uhUZe73/ucaTddzV8iVm/M0rjVM7IPQyoh7s4T3JLxHuuPa+fTNpSfHOA+pqJLQ5zXddw8JryeAy8zuviPT/Q021J5gT90tAxl8FxuTucf+DAiK4kJiizTQnhisqP6WvR34j2589SqEad9P8Ojz+wan6U/uhBMRQjQQXpYHjAs8x51/kYim/WHuRgMZi+bDYpR3Hf0rFYXQzXYQ5bccgE7icIIMJ/PZAeajXNX1qPUYMSjULX0gPQ95g6rpfOPAZreuIW3MqYhzCX7PrY2q7AwHG/iXlqTxJB2NN+rXLsMKGKANsvlDvt7oAG4vnbb8Za/efaDYZVR8BsjoR5CAt6ogB0WTYYzs/fH6NoZsdqhOpW5u38wz5nNI0ifuJUf3uWpFQxdGpNstvnzxF2AOj4Z2D5eJH6VIZNEnR5cLu2tTdd8pWQWWutsaZU/B75DAUF17I0R4OPOpFA5iwEjSfPdYiCVh2q20zHeIzSSH67xER2xXCLRY7nSwgh1+QhvTvG6QkLEPbr0g8kYY4tvxIb30a8zulavnO0P9KChW9UBTgAe9YYO5jzW11m2lmi2psR7s7ru3Dm8eIRtSN+Uc9X2WGjMYqEINxghpcHQnapLh7TKRine/DwP62cESmPV8OmPF2DCEIk0e0XkkEyT+IQI2mH0bzom0udHeD1WLBOAlD0oqSyWfTzhzhFSQsk2QZo6JAJXDNTx35Y7ojMaAyvyrkiAT3jKUKzc3dY2uGndyPbrMNUtJ/aDi5YhvQWnPkEzMQEVAKRqJI1vlGaYwfXuEZ5qG4ehdCNIbX5RUxAeyphptpyfnNfrWTHe83CoxFg8GPvuyzzzSx14S7XrK9LVQYySedS2ZaGB1HzVzgvnPUvj5TJoOmRGIYOHKASlG/ed/Svd2JbfwE65dnKmcxe6927i5yEyFHGk+jJB8UpLUZqTeaIVtRzMQrkOaoc5aE7z2ZYOn9paCH9oQ/tYUl1zoOPR4h13xvOaHdgMrXAoXQ+0M8+kMLdqih+gxTPsxwStlpG1bACkmVVgCS5C173sRA5osxaAYT7uoIiNIjhHZyTSEqnhdQqCyZeStFWxghDQ0wseNHjApE68v26gfWz0kG0ngJogLg+Vp7vRS9cNwXQPmY1J/N0vH9/cQBUWjwcyMX+r+uiM0ZV4sDO/1OY9ztRopsT2+kxNojbyiSALIz5zSNUe1zdGQGPwPhE/U8ZYowLLMXEI/zhsUAi8AABUAC4CL/tWrqxK2GmRwhjtoThFAgaM78TwRDQCj/Q1S9oHYGn3/OFRIxCzfUg0Sb0B/3OaREZyeoXxwrtZDZBQpMxl7G8OY3eHoU+UPZPC4eSvmYhPk3LZo+FJdos8VRdO3Fe9zuHuHzpW68aJQBkiKyrsrpqFBB8Hzfuy9hOnYV1DNMdO4V2OolRbX89nWLymfM1PqLXhYUEKqgqVXnmzTgRTTb0FR85bJUfqSfG6T8LeQQI6sMJ4PrTl7tJiwW0cZS+dKnJgILG7xvIXc8zahAt8LOiyOuT6SGluZ84+zORjysXRyD1zK6Wm5LpYs0U7Yj5cQu6TWFhhmUzkt7xg0RCMm/0XAKDzeCqFGHIJZrMlL2tj8M71MtGQ0Yjqa3PohdF2lferTuq7iOYg+ZxJ7MAnL2mjOlxsEVPV/6w3aZKD5IhdNO5OKmyqbKzq/9B58cJeqR9M7T9Susc+nlX6GaoJ3Go8zwTksLwbGqe0XGCEYFVMJL2fPDyH3xZ3tA+FSF8Bei9sCruH79Q3DtXIsc5Iqf4FMDytE+nxd5hZlwWpMM3DPExEXLzCU1YcHDJPtUUXXsdHKe0wCve+vyGGKKcR8nSNf5Jox+zdQ74h7/yfbAsB8kvcSdlB9US4LnyGnaNZIqP9ZDVaV0RSJNX94+JrF1wAgQbrWgdBCkihVgboW4Qyec/RFq4mKtApiGhJP7u2FXZ0U+0Dzir08wSUmbCFlimhGVpfedWqpv68VpSoazf4ZjQjDsngdxu2Li0gxaE/4Xlivm1f0AdLeZPG3oqv5LSs1fsqzb0l6Gisl64Yz8RWPVkkR0zn5sJR4s/xsMSiUl/eVrLVejqvaQhvthje9bs/ExIsCjUybgCUA2QlpAIFpoAjDWmZRIp4vcl+r809+mt7gbpaR18UePOkZVPVvzt7O2ZInwi/OQMJbTTQVykkT+zlMQgE3/RtGIni5eNAc8am7U3MGbcUWiFEjhIWkESwLjOmyFsK7T87wN2OQIsM8csry4AGJMtNG789RJuw+22liDEHLXq7FLJV8vDfTwGQ419PcuMlzU8U6eckkR4RoyoYmXhh0CRLLTo+t4cegMYcMtnVfrdpuMH+hsQ2nnplJRHDTh/snerWnndPNO9d5BK15Vl2nqCdTWCL4v+SC29KE97Mg+Ab01RWEwLpV2YDXXPmlaOgpOex02JlYOCK6ErWdxPotiFWZAiXLmcyleJSOoYExonhQHXr1i9+qKuvUI3V+2PETA6D4tw+7SS0wujQiDx3qe94l4ZDeHdd84FSnes2d6pr4vsxFGVHrvdJ1z2piBiLbfT4Vth2aRT2Obao5eK/7EiC3cmtMAcwS8MXQj5pM2ReMk61oqn7Bk3DnPqrZkhNoql/HzGTIv//29U4SqUsAiptEpBT4eyR9/5jFYVa/xHaCfsI/IGKGKmupqbPHHNvdSzvXj1PaqxChSH2qrJyUWfnAMuCMkBgOuQnpd2D20Ie7NVJLbAzo2NU9ouMEIwKqYSbbmOjCXaJppUMURwde3zjSKH1JPlTM4Fedt7IYpxZ6xNrTqO6XHy4dSQN3Xi35K5chn9sPqV+Aqxz1mOaUtaQY3FVj5Mo62TaWi9NgUT4kInAdzBLh0wwHYkrbWDFVnvvC4Akwe0TsNnHkTSyf6LjXaaiEYon78/ujjqFQiBMX8roct9bbfwTVDt8hzAYFPzgcjXBZp1ZKrB/Ouwik6qMlziroHrQBxZ7j4Yc/kvtyen+GhMxpJqHRgv8mEDu0yDSGTVdSCh6K+cQ+CVaCQ/pcFPNh+3oGMOK+e1HOif16REwmO06vcHax/52YbR4nASr8tc3j5pfZoWgULQqVaoIkws3KznRvJTQWxb86A8jOrYAqOKTqbqzcPUG22hKRM+67B6265NQVTmdbVuEwUe0luhSV8/b+lX4m00lCJbFtoj5FKYOa1CJIA90uoCwEW9fEQRkUXFM878NAHFVvVuRhV0TRpZ2PsWCqmCr7O4UXvD0dwVPOIZKZblZvAr6/orJpFugmKUfW1NEnVs+Nd3HQYsvZ8ShPKQ87gRMASc25Ay8xR3Iku/IdvoLIYj3XeIhmMGwsIMJuOnz6BqnoEWGIdQ1/1ec4JFp6OEvmpv0y/R9FEVERN+MHzdXCuSlilmjjMxxWDcd8qDvwwcToijnznQNGeNLe3kISgJBtk59sbeGIhESokXqloqW1B5QRkzd1DzeFIyq9pq5Ra1eyHrOnKiasmnvtCgjCZD5vOeXyeSndnYZsdMjey/gjwK0PtAC3xH6B2SI1EjBHLJ1zRw9elo+J4SnPdSioGddOASWwaig7tykD5qxMzUj+5LB5BD7iwXbQHrZORHed7FaeOBZG94dMkRumxQ+gNGXbxny42aaGcJcIFFyixiQ6ghtc9WeEEo6uErLWLDFhEgh179D1gnTjyZ5NK99lLFoNW2GFa0imh2VkwBYPZYXsQn9sVVvRJ2Az6z8ua8U6wNL8ZZPjscD/0Qep/P7HHk8M/EbfDMpDPhPy6hCU4EFM3qlgckWZ3U8FtcvD4+7awyuSMRhtIFDAUBthJj5bJkcRQKq8uDOX0gDc1ZzeeG/IcmUAuUHENYY3M6cUiDKbYJuFbv7nSJwin+WmokoLs4fDCdHEwLjtSNocf9OUNZsM0JjjHAmnBKT1dpXI8g5SkJZLZNLF5B1k5ImvcS/2qOu/RKHElUz5EAA+uXpW66HBEupVunZ2k+QzkAB8tevcmRisjzA5zc3eLjMAM2wAUV42h8rILBt568Ey+jsLcLwlEIAAAAA2/n+fX76bupc3l+rSqajEoqL/gAABCPEp3NQ5FDwdqAcPwn07wkYAAA==\" alt=\"\" width=\"1092\" height=\"1047\"></p>', 1, 'test 1', 10, 100000, 1);
INSERT INTO `products` (`id`, `name`, `img`, `description`, `brand_id`, `manufacturerCountry`, `tax`, `basePrice`, `category_id`) VALUES
(3, 'test Product 2 ', NULL, 'test', 1, NULL, 15000, 500000, 2),
(5, 'test Product 3', '[\"images/GOOD DAY TEE - CREAM - 2.jpeg\"]', '<p>test desctiption</p>', 1, '', 1000, 50000, 2),
(6, 'test Product 4', '[\"images/3-33.jpeg\"]', 'test desctiption', 1, 'test', 1000, 15000, 2);
INSERT INTO `products` (`id`, `name`, `img`, `description`, `brand_id`, `manufacturerCountry`, `tax`, `basePrice`, `category_id`) VALUES
(9, 'GOOD DAY TEE - CREAM', '[\"images/GOOD DAY TEE - CREAM - 2.jpeg\",\"images/GOOD DAY TEE - CREAM - 3.jpeg\",\"images/GOOD DAY TEE - CREAM.jpeg\",\"images/GOOD DAY TEE - CREAM - 4.jpeg\"]', '<p>NEEDS OF WISDOM&reg;</p>\r\n<p>Streetwear</p>\r\n<p>Based in Saigon</p>\r\n<p>Made in Vietnam</p>\r\n<p><strong>Hệ Thống Cửa H&agrave;ng</strong></p>\r\n<p>- CN 1: 445 Sư Vạn Hạnh, P.12, Q.10&nbsp;</p>\r\n<p>- CN 2: 48 Trần Quang Diệu, P.14, Q.3</p>\r\n<p>- CN 3: 463 Quang Trung, P.10, Q. G&ograve; Vấp</p>\r\n<p>- CN 4: 350 Điện Bi&ecirc;n Phủ, P.17, Q. B&igrave;nh Thạnh (GTOWN 1)</p>\r\n<p>- CN 5: 136 Nguyễn Hồng Đ&agrave;o, P14, Q. T&acirc;n B&igrave;nh (GTOWN 2)</p>\r\n<p>- CN 6: TNP - 26 L&yacute; Tự Trọng, P. Bến Ngh&eacute;, Q.1.</p>\r\n<p>- CN 7: TNP (Sense Market) - Đối Diện Số 90 L&ecirc; Lai,&nbsp;P. Bến Ngh&eacute;, Q.1.</p>\r\n<p>- CN 8:&nbsp;PG2-08 Shophouse Vincom, Đường 30/4, P.Xu&acirc;n Kh&aacute;nh, Q. Ninh Kiều, Cần Thơ.</p>\r\n<p>- CN 9:&nbsp;PG2-06&nbsp;Shophouse Vincom, 1096 Phạm Văn Thuận, P. T&acirc;n Mai, TP. Bi&ecirc;n Ho&agrave;.</p>\r\n<p>Viet Street Culture x Streetwear</p>\r\n<p>SIZE CHART</p>\r\n<p><img src=\"data:image/jpeg;base64,UklGRuidAABXRUJQVlA4INydAABwKASdASoUB8sGPgQBIwAACJaW78fJnl6///c/c1Vt/vpP8r/kH8k/o36afsD/gfr/27/L/7Z+o/9T/2n+H9z/xD47+Uf2v9R/7B/t/8N9934T+5/k35QuhP9V+XHub/D/pN8r/q/+M/r39S/4f+Y/B38f/Lvw4/Y/+9+5fyX/Sfxp/KT7BfxH+H/zH+x/4H+0f13/kf7b3Q/77uVM3/2P+s/yvsBeo/yT+xf2r/Gf3T+7/97/W/VF7v/QvxU/nHwV+Tf2H+0/jh+//4Afw7+Nf0/+xf4j/Ef3D/8fR/+1/z/kPfUP9d/t/8/8AP8S/mn92/tX+l/x/95//v+5+j3+J/uf+V/1X9k/+3+y+In5N/ZP8j/hP8j/tP75///+j+gn8S/k/9o/s3+R/0f9w//n+++6n7//mz+0P/L/PL6Ff1B/0f5v/v///whX8CCMMMNvNMV9Ko46vo5yM5XEGldELfw4vGudOLg4IXqUH9onnFwcEL1KD+0Tzi4OCF6lB/aJ5xcHBC9Sg/tE84uDghepQf2icMr/0A8e7orDNgSdraHr3X0Ca6Gi2GeXWfBXGFVfOibJ4nnFwcEL1KD+0Tzi4OCF6lB/aJ5xcHBC9Sg/tE84uDghepQf2iecXBwQvUoOhXD3/MabTjzK4z/INpIPz0nfwC9HykWqxkmVoV/cC3WkoHBC9Sg/tE84uDghepQf2iecXBwQvUoP7RPOLg4IXqUH9onnFwcEL1KD+0TyHVOpgouXC4tnnwA/92RWblZiQ9n3ESpCkuizBoK23nFwcEL1KD+0Tzi4OCF6lB/aJ5xcHBC9Sg/tE84uDghepQf2iecXBwQvUoP7RPIU3l0pUm9xM/oxWQj44d0cIIkthS1e5PTi4OCF6lB/aJ5xcHBC9Sg/tE84uDghepQf2iecXBwQvUoP7RPOLg4IXqUH9onnFwcEL1KD+0Tzi4OCF6lB/aJ5xcHBC9Sg/tE84uDghepQf2iecXBwQvUoP7RPOLg4IXqUH9onnFwcEL1KD+0Tzi4OCF6lB/aJ5xcHBC9Sg/tE84uDghepQf2iecXBwQvUoP7RPOLg3w21sKJmm0q+uNpV9cbSr642lX1xtKvrjaVfXG0q+uNpV9cbSr642lX1xtKvrjaVfXG0q+uNpV9cbSr642lX1xtKvrjaVfXG0q+uNpV9cbSr642lX1xtKvrjaVfXG0q+uNpV9cbSr642lX1tFKvrjaVfXG0q+uNpV9cbSr642lX1xtKvrjaVfXG0q+uNpV9cbSr642lX1xtKvrjaVfXG0q+uNpV9cbSr642lX1xtKvrjaVfXG0q+uNpV9cbSr642lX1xtKvrjaVfXG0q+uNpV9cbcU4uDghepQf2iecXBwQvUoP7RPOLg4IXqUH9onnFwcEL1KD+0Tzi4OCF6lB/aJ5xcHBC9Sg/tE84uDghepQf2iecXBwQvUoP7RPOLg4IXqUH9onnFwcEL1KD+0Tzi4OCF6lB/aJ5xcHBC9Sg/tE84uDghepQf2iecXBwQvUoP7RPOLg4IXqUH9onnFwcEL1KD+0Tzi4OCF6lB/aJ5xcHBC9Sg/tE84uDghepQf2iecXBwQvUoP7RPOLg4IXqUH9onnFwcEL1KD+0Tzi4OCF6lB/aJ5xcHBC9Sg/tE84uDghepQf2iecXBwQvUoP7RPOLg4IXqUH9onnFwcEL1KD+0Tzi4OCF6lB/aJ5xcHBC9Sg/tE84uDghepQf2iecXBwQvUoP7RPOLg4IXqUH9onnFwcEL1KD+0Tzi4OCF6lB/aJ5xcHBC9Sg/tE84uDghepQf2iecXBwQvUoP7RPOLg4IXqUH9onnFwcEL1KD+0Tzi4OCF6lB/aJ5xcHBC9Sg/tE84uDghepQf2iecXBwQvUoP7RPOLg4IXqUH9onnFwcEL1KD+0Tzi4OCF6lB/aJ5xcHBC9Sg/tE84uDghepQf2iecXBwQvUoP7RPOLg4IXqUH9onnFwcEL1KD+0Tzi4OCF6lB/aJ5xcHBC9Sg/tE84uDghepQf2iecXBwQvUoP7RPOLg4IXqUH9onnFwcEL1KD+0Tzi4OCF6lB/aJ5xcHBC9Sg/tE84uDghepQf2iecXBwQvUoP7RPOLg4IXqUH9onnFwcEL1KD+0Tzi4OCF6lB/aJ5xcHBC9Sg/tE84uDghepQf2iecXBwQvUoP7RPOLg4IXqUH9onnFwcEL1KD+0Tzi4OCF6lB/aJ5xcHBC9Sg/tE84uDghepQf2iecXBwQvUoP7RPOLg4IXqUH9onnFwcEL1KD+0Tzi4OCF6lB/aJ5xcHBC9Sg/tE84uDghepQf2iecXBwQvUoP7RPOLg4IXqUH9onnFwcEL1KD+0Tzi4OCF6lB/aJ5xcHBC9Sg/tE84uDghepQf2iecXBwQvUoP7RPOLg4IXqUH9onnFwcEL1KD+0Tzi4OCF6lB/aJ5xcHBC9Sg/tE84uDghepQf2iecXBwQvUoP7RPOLg4IXqUH9onnFwcEL0/QsjvpDnjID4lVDMxwF2o8pzNFa7N/E63KoTiTKD+0Tzi1FN7SUDghepQf2iecXBwQvUoP7RPOLg4IXqUH9onnFwcEL1KD+0TzbNis2L/987ZJOKrllimYsqKlfyfm2widEK88H8LamAdlazN3SfHje4CwneED456fACFTQsnyFYEQ43aBhUH9onm3AwE3zngawskXBC9Sg/tE84uDghepQf2iecXBwQvUoP7RPOLg4IXqUH9onnEi50Gt+/KOCJkWgi7APbVxlsjAdXNIi3JRjO+NiN1UE6I0XVpFd0fH6AI81Q5ch7GN3+awglSUIQkWO5FXgVpKBwQtsM+TFB/aJ5xcHBC9Sg/tE84uDghepQf2iecXBwQvUoP7RPOLg4IW2Jqr0uwoiOxyTDOIxi4AUX1xP5pfxjjjTbmKNTlK0xfVES+ZTvcDVjOo/LA0PKFl6lB/Z126J5xcHBC9Sg/tE84uDghepQf2iecXBwQvUoP7RPOLg4IXqT/O2mBDuK5h/Z0ImtNM4WIGuSJqfQhjd3b6icR/CKBnv9tZyZxXoJy+SCRdqyd0JX/WcE8A6ghepKmtQf2iecXBwQvUoP7RPOLg4IXqUH9onnFwcEL1KD+0Tzi4OBk4cpaNcWqblZM2uRDCyee4/4jATuY3Sv0A/BwQtxlm1YRlLESeJ5uIIkoHBC9Sg/tE84uDghepQf2iecXBwQvUoP7RPOLg4IXqUH6xMxyksq+hU30f9onnFwcEL1KDo1unH8qPdXgqjQlA4IOr1wQvUoP7RPOLg4IXqUH9onnFwcEL1KD+0Tzi4OCF6lB/aJw6GzuHggAFkuQIZ76JKBwQvUoP7ROAEK9BoC+Jjrn9UkoBxcGeXJQOCF6lB/aJ5xcHBC9Sg/tE84uDghepQf2iecXBwQvUoP0nJap+N22HET9FPfSJnwvUoP7RPOLgzeBSx37IwsLHOLUD9s6yg/rHJB/aJ5xcHBC9Sg/tE84uDghepQf2iecXBwQvUoP7RPOLgzIXl2ggadsk/qxIXFVEOCF6lB/aJ5t1Z7NeLxZMCM9B6k1JzZO67dE84uDghepQf2iecXBwQvUoP7RPOLg4IXqUH9onnFwcEGgRj0Exo9H4+AiIESUDghepQf1bBptwZutlK/w/C4M8uSgcEL1KD+0Tzi4OCF6lB/aJ5xcHBC9Sg/tE84uDghepP/TaCEZucHN4gkk6NwcEL1KD+0ThJnMmumicGCl1JKwfwN8j6CF6lB/aJ5xcHBC9Sg/tE84uDghepQf2iecXBwQvUoP6vEb3nc5HuDmTuhRnLNwcWJ/Nf4ajgVKvrjaVfXG0q+uNpV9cXKxaUB7RgmyE6GldaRTmnpDg2uLmpqNPblZPE84uDghepQf2iecXBwQvUoP7RPOLg4IXqUH9onkH8hiyzesXBvfXZlE9OLg4IXqUH9W4Hq4N71EsLD6D5Jm7V9Cg7k6KhdAyEOfpVvOLg4IXqUH9onnFwcEL1KD+0Tzi4OCF6lB/aJ5xaqN4z+EoG6ROeq/dPNt5rySi4N7+J9kn+oP03pW1Mj4iyLZm/MHwXOq/sG4nr2rGFp1MyEkNadK+gg4FeNo1QdEbDyO745aUjFrAb/kqvg4IXqUH9onnFwcEL1KD+0Tzi4OCF6lB/aJ5xcHBC9ST4TqarkazLVIpbc6INVlB+iMu0C3NfF/oAhMEIymhzwQqwX5+ja/QetmBax5rCXSNIOBmdzHGjsav2mp//SZI6+fI6w4JBXLLIcXyeGF+FvSg/tE84uDghepQf2iecXBwQvUoP7RPOLg4IXqUH9onCye2skKJoQe2ekIjkrJ4nnFwcEL0/yPzmYFVN4TlhgJ+DgaV9RhDgaOD1ual/Z02TxPOLg4IXqUH9onnFwcEL1KD+0Tzi4OCF6lB/aJ5xI7mapt3Sqt4BdTWMeYf2iecXBwQvT/xd+XFJ1sLYsWF+2LjZPE4w8DkiSb0H/8yF2fPSKxCTKD+0Tzi4OCF6lB/aJ5xcHBC9Sg/tE84uDghepQf2ieQxeSgturVF6XHKQbCwSZQf2iecXBwMtHcYhW99/Jj3EnD/aJ5uH/ZQYwTfNSALblOmplB/aJ5xcHBC9Sg/tE84uDghepQf2iecXBwQvUoP7RPOLf6Sdg8Tzi4OCF6k/6zxF44uDghbx1gkTgwY5dYMpFZpm0oz2NrdflwQvUoP7RPOLg4IXqUH9onnFwcEL1KD+0Tzi4OCF6lB+kF8bghepQf2iecWqJH/KXBwQvNV8WOlg0E5PEG6rCKD+0Tzi4OCF6lB/aJ5xcHBC9Sg/tE84uDghepQf2iecXBmqXCl6lB/aJ5xcGbYwWdJQOCFvHUPcCG/PBNkO0BC4OCF6lB/aJ5xcHBC9Sg/tE84uDghepQf2iecXBwQvUoP0evjSUDghepQf2iEz5PE84tYDihg5dsEv6bzm63tE84uDghepQf2iecXBwQvUoP7RPOLg4IXqUH9onnFwcELbwfrZsniecXBwQtqaQ6yc4uDgg6t5krGci7/JpQf2iecXBwQvUoP7RPOLg4IXqUH9onnFwcEL1KD+0Tzi4M1S4UvUoP7RPOLgzbGp3dysnieR7dE84uDghepQf2iecXBwQvUoP7RPOLg4IXqUH9onnFwcEL1KDpg9tOLg4IXqUH9nXbonnFwZ5clA4IXqUH9onnFwcEL1KD+0Tzi4OCF6lB/aJ5xcHBC9Sg/tE4Uisx25WTxPOLg4GSyqrKUDgheashC9Sg/tE84uDghepQf2iecXBwQvUoP7RPOLg4IXqUH9onnFwBBElA4IXqUH9ognkVTwqD+0QmfJ4nnFwcEL1KD+0Tzi4OCF6lB/aJ5xcHBC9Sg/tE84uDghepJpWNinhUH9onnFwcDNjgiB4nnFwBBElA4IXqUH9onnFwcEL1KD+0Tzi4OCF6lB/aJ5xcHBC9Sg/tEE8iqeFQf2iecXBwM2OCIHiecXAEESUDghepQf2iecXBwQvUoP7RPOLg4IXqUH9onnFwcEL1KD+0QVfkndepQf2iecXBvgW+OqSgcELePoIXqUH9onnFwcEL1KD+0Tzi4OCF6lB/aJ5xcHBC9Sg/tE84tUSP+UuDghepQf2icMmVYUoP7ROMRvOLg4IXqUH9onnFwcEL1KD+0Tzi4OCF6lB/aJ5xcHBC9Sg/rHJB/aJ5xcHBC8yxwRA8Tzi4AgiSgcEL1KD+0Tzi4OCF6lB/aJ5xcHBC9Sg/tE84uDghepQf2iArdxxNQf2iecXBwQtwt8dUlA4IW8fQQvUoP7RPOLg4IXqUH9onnFwcEL1KD+0Tzi4OCF6lB/aJ5xaokf8pcHBC9Sg/tE4ZMqwpQf2icA3GzaM3S8BxcHBC9Sg/tE84uDghepQf2iecXBwQvUoP7RPOLg4IXqUH9Xg3tYxNzTaVfXG0q+uNpV9cbSr642iQEgO4UDghen/x+cyBhUH9onnFwcEL1KD+0Tzi4OCF6lB/aJ5xcHBC9Sg/tE84uDghepQf2iecXBwQvUoP7RPOLg4IXqUH9onnFwcEL1KD+0Tzi4OCF6lB/aJ5xcHBC9Sg/tE84uDghepQf2iecXBwQvUoP7RPOLg4IXqUH9onnFwcEL1KD+0Tzi4OCF6lB/aJ5xcHBC9Sg/tE84uDghepQf2iecXBwQvUoP7RPOLg4IXqUH9onnFwcEL1KD+0Tzi4OCF6lB/aJ5xcHBC9Sg/tE84uDghepQf2iecXBwQvUoP7RPOLg4IXqUH9onnFwcEL1KD+0Tzi4OCF6lB/aJ5xcHBC9Sg/tE84uDghepQf2iecXBwQvUoP7RPOLg4IXqUH9onnFwcEL1KD+0Tzi4OCF6lB/aJ5xcHBC9Sg/tE84uDghepQf2iecXBwQvUoP7RPOLg4IXqUH9onnFwcEL1KD+0Tzi4OCF6lB/aJ5xcHBC9Sg/tE84uDghepQf2iecXBwQvUoP7RPOLg4IXqUH9onnFwcEL1KD+0Tzi4OCF6lB/aJ5xcHBC9Sg/tE84uDghepQf2iecWuiD7jtysniecXBwQvUoP7RPOLg4IXqUH9onnFwcEL1KD+0Tzi4OCF6lB/aJ5xcHBC9Sg/SclmtDOV4+NTk5AsclBkGUxfLUuFI79N/z87FiwJq5idkXqUH9onnFwcEL1KD+0Tzi4OCF6lB/aJ5xcHBC9Sg/tE84uDghepQf2iecXBwQvUoP0f/pxl7cFPGwUtRfWcc/dri1glU5cLWUOXnG5RPOLg4IXqUH9onnFwcEL1KD+0Tzi4OCF6lB/aJ5xcHBC9Sg/tE84uDghepQf2iecWpgPsdA9u1Q5CKHvoWDqUDrhEVd6SgcEL1KD+0Tzi4OCF6lB/aJ5xcHBC9Sg/tE84uDghepQf2iecXBwQvUoP7RPOLg4IXqUH9onnEjBD+pylX1xtKvrjaVfXG0q+uNpV9cbSr642lX1xtKvrjaVfXG0q+uNpV9cbSr642lX1xtKvrjaVfXG0q+uNpV9cbSr642lX1xtKvrjaVfXG0q+uNpV9cbSr642lX1KxrTUH9onke3RPOLg4IXqUH9onnFwcEL1KD+0Tzi4OCF6lB/aJ5xcHBC9Sg/tE84uDghepQfqT7lZPE8j26J5xb/AQ93PUw7X3rVIHtPcbNQLOguzkn7P4Z53/BwQvUoP0ALnvUKpAO2zZPE84uDghepQf1c+PblaXAMtHFNonnFwcEL1KD+zlNzKD+0TziWXJQOCF5qyEL1KDp0e9whDqsKNuZlGGTU+ek9ipwu5Z7l7QtJYEkyg/tE84k4fu16pKGDx0TZCoLxcHBC9Sg/tE84uDfBpOWSpIy+U1738Y6CF6lB/aJ5xcG+R9BC9Sg/rHJB/aJ5uIIkoHBBsqMqnhngvNEowiayVMiQMdXtp9B7O3X/2iecXBmmAWMm3ZJP2BJ2koHBC9Sg/tE84uDN2AYOAc2Bcmqg/tE84uDghepP8P/hCyLrDtJQOCF5qyEL1KD9SfcrJ4nnFwcEL1KD+0Tzi4OCF6lB/aJ5xcHBC9Sg/tE84uDghepQf2iecXBwQvNWQhepQfoGf91CupiVoc3NNpV9cbSr642lX1xtKvrjaVfXG0q+uNpV9cbSr642lX1xtKvrjaVfXG0q+uNpV9cbSr642lX1xtKvrjaVfXG0q+uNpV9cbSr642lX1xtKvrjaVfXG0q+qoWZRLecXBwQvUoP7RPOLg4IXqUH9onnFwcEL1KD+0Tzi4OCF6lB/aJ5xcHBC9Sg/tE84uDghepQf2iecXBwQvUoP7RPOLg4IXqUH9onnFwcEL1KD+0Tzi4OCF6lB/aJ5xcHBC9Sg/tE84uDghepQf2iecXBmtoaosbec72tiqza7xlsk68+1mhw1/EntHVBY6bj4zW3aqynlle5OaDpmgDebA4uDgg3XoF328GCzu06/ZkaihlTTWvJ1LyIbm9WHYviSgcEL1KD+0TziSEgAG2fJjsDJnW1WkIoxppwv51ui7XtiE85xsjtysniecXBwQb4D4PawjTdVK6j+jFavpMvLFDfI1kJBPWSwzzi4OCF6lB/aJ5xcHBBuxm4tirVI1Lpy5RRK0MuKCwSF6KI2FqCTRovhhTiUoKzS8hV4SBCtvn5cEL1ACnuRW7uoo2YVqEE6edxrIBumbU1nLFoRRN2WLg4IXqUH9onnFwZwvs4NBwNQ2WhN3Ce/QpIn8tS6sde/Q1h6NV3kL1KD+0Tzi4OBmwxHQ8NBcslNGMutykEjuQqer1xuH0WucotDdDFotJQOCF6lB/aJ5xcHBC3puAjOMagOCLx7UoP7RCnGNQHLKBwQvUoP7RPOLgz3Ohl9uJMoP7RPOLg4IO4Z9que5WTxPOLg4IXqUH9onnFwcEL1KD+0Tzi4OCF6lB/aJ5xcHBC9Sg/tE84uDghepQf2iecXBwQvUoP7RPOLgzKc802lX1xtKvrjaVfXG0q+uNpV9cbSr642lX1xtKvrjaVfXG0q+uNpV9cbSr642lX1xtKvrjaVfXG0q+uNpV9cbSr642lX1xtKvrjaVfXG0q+uNpV9cbSr642lX1Ewm+flwQvUoP7RPOLg4IXqUH9onnFwcEL1KD+0Tzi4OCF6lB/aJ5xcHBC9Sg/tE84uDghepQf2iecXBwQvUoP7RPOLg4IXqUH9onnFwcEL1KD+0Tzi4OCF6lB/aJ5xcHBC9Sg/tE84uDghepQf2iecXBwQttQRp6svGsSiudtRydllzHuRDSf/4zKvpDnZNI4KD+0Tzi1NOrHBU7zZyhqnqt8KBwQvUoP7RPOLg4GYzmWibjHfRr4Kj2GVDJMoP7RPOLg4IXmOJ4NcFFMcCLuMMbl0UAr4uDghepQf2iecXBwQvT9Di0tplugBJh6UMweBBbmiegqWFRcYRcFAEOcl13Wr6CF6lB+kEcM6iJWoFmvnYKiI/QEigpd8EL1KD+0Tzi4OCF5kv6205jDeGVJGmNKylMkHBC9Sg/tE84uDe+ALA3R0GQm47ITPsuk0208UorQoHBC9Sg/tE84uDghepJqBQaNYfw85CjC7pBUYl4uDghepQdOyPGHJnZhjRfg4IXqUH9onnFwcEG7OSVAgAPlIJMoP7RPOLg4IXmQ9TzK52P32koHBC9Sg/tE84uDghepQf2iecXBwQvUoP7RPOLg4IXqUH9onnFwcEL1KD+0Tzi4OCF6lB/aJ5xcHBC9Sg/QnprB60Obmm0q+uNpV9cbSr642lX1xtKvrjaVfXG0q+uNpV9cbSr642lX1xtKvrjaVfXG0q+uNpV9cbSr642lX1xtKvrjaVfXG0q+uNpV9cbSr642lX1xtKvrjaVYS4CSgcELenEfTBrB60Obmm0q+uNpV9cbSr642lX1xtKvrjaVfXG0q+uNpV9cbSr642lX1xtKvrjaVfXG0q+uNpV9cbSr642lX1xtKvrjaVfXG0q+uNpV9cbSr642lX1xtKvrc9ysniecXBwQvUoP7RPOLg4IXqUH9onnFwcEL1KD+0Tzi4OCF6lB/aJ5xcHBC9Sg/tE84uDghepQf2iecW/zgtuwiyakyQ0nYePOSBj7OAos0KmJyY6NRBE1aSgcEL1BQRZsniecXBwQvUk5+ahsIkmBgjcIKH1FzOQdxEC2e1pel/upJ7gr9XCghepQf2iebaUxJK56PLmEYRgqd/IqWE/l1pVUjWWEy8CP252t6RQ5q0lA4IXqUH9onnFwZrxLOzlCKe3eBItrFt8wxzXFhm1alICICKMjaxuGNEEQ4uDgg0/yQlGUqpKfW2ge6jmvXyW8h7MHT3dfazLpysniecXBwQvUlFYiKy4TYLXcTaawl0PNQVTDfUAmjVLOQJEt9TcYtAMD2sh9pjzNm4ziZQf2iecXBvgs0c9IMrJnI9YmEX9pXU4ecg+RtQV44f4OQqvGkJ72qbh7Rjk601Zmzr8uCF6lB/aJ5xcHAzOvzl0/0zXgeFukU0SLJ78CD5vv4vXrEtdDLU+/PiS2Ol6lB/Z0dGLEEMZJEkyB1uMemJDJDOSMNZpjX6LwcxQR+h44B/aJ5xcHBC9Sg6ao3aeBuxXAwd8yyrub4kAxrm3CjJSmbMIj4AswbzfEgGNdaSgcEL1KD9IAUVGurGFDX4uxCHP9ezf37AJuyeEO+14S5vZtbvrpXtauhhUH9onnFwcEL1KD+0Tzi4OCF6lB/aJxque5WTxPOLg4IXqUH9onnFwcEL1KD+0Tzi4OCF6lB/aJ5xcHBC9Sg/tE84uDghepQf2iecXBwQvUoP7RPOLg4IXqUH9onnFwcEL1KD+0Tzi4OCF6lB/aJ5t0R6AgpRRfXG0q+uNpV9cbSr642lX1xtKvrjaVfXG0q+uNpV9cbSr642lX1xtKvrjaVfXG0q+uNpV9cbSr642lX1xtKvrjaVfXG0q+uNpV9cbSr642lX1xtKvrjaVfXG0Z5joWKXqUH9onnFwcEL1KD+0Tzi4OCF6lB/aJ5xcHBC9Sg/tE84uDghepQf2iecXBwQvUoP7RPOLg4IXqUH9onnFwcEL1KD+0Tzi4OCF6lB/aJ5xcHBC9Sg/tE84uDghepQf2iecXBwQvUoP7RPOLg4IXqUHTaub7VVzrVAKfhI4SSRwAhoBphEvWyWhfSHNVPN7E7k7WykWvdAdMuVybEUrMK3d+aiuDgheYZyZ52kVe1jUrEpEFWhmbFKr4u/PZ7YJKBwQvUoP7RPN8fOiVr1K4A0d91LE+ifsN6bwpJ2cEjTZwjS5OIa3snj3/9fK0lA4IXqUH9nQtiIt3Td2BzLbiDDta2/mmPtMI3FN1/RqSlBlGVJ4EeaiDlANucrghepQf2iecXBwQvUAVw4EztOqxH/n5ftXR57LgTfbbtqM3X186vYHtdKeCnoBpvH3tE84tSmROKue8QkLXf5CAPWvs3+aLMBx3sN9dcGlB/aJ5xcHBC9RrdECigoffNOFrEYBw8UDsNzxtbwJjI3ZH0o954qplFApILwm9+fjFbMx+0azyqstKyeJ5xcHBC5Wu0viG3qOacLWLAp2PI3xLX5ELoNdmILPahHispYTJlmxLYKvxSbZEdyMp6DOt6+AcXBwQvUoP7RPOLg3ym4CM4xqA4IvHtSg/tE41WceR3UmUH9onnFwcEL1A3UecBtjmE4xxZWTxPOLg4IXmuzMLcXEtFjtZQOCF6lB/aJ5xcHBC9Sg/tE84uDghepQf2iecXBwQvUoP7RPOLg4IXqUH9onnFwcEL1KD+0Tzi4OCF6k/02K3aBcNpV9cbSr642lX1xtKvrjaVfXG0q+uNpV9cbSr642lX1xtKvrjaVfXG0q+uNpV9cbSr642lX1xtKvrjaVfXG0q+uNpV9cbSr642lX1xtKvrjaVfXG0q+uNpV9RMDU9+W9wAP7+XIJYykx1eFpgIkRBJuzkd5gs2hfHiKZbADkYMcsn5cA9yzukfAeEbu/mi2KiOgqEuoYrhebbo/NcX7TXALVdmdrZErso2XS2HZiPnLkfLeIYNOrcRERjP6MrzC2Y9lHU3Y+PhAADIBXzoLD+/Lu5BWHLrW2tYzJxUiPfX+Vc/yPaiCKSLsI+FhKb1NBXdQ9sYAARwAS1+G1wne55toTswT+SHtY05COCmYMjGDpFBgtkXdOIS0wFUSqKfggF3SyLdtFsEs5XF4+iErX5sf+MS12v89WHOelbAS+G0G/1TFBBwR65RQ5vN7RoCLN7tU2fcxCSm/b0vrBUqkb3kFZdAAyp/dDwLC1nBNI9BcU7yTD6qXuskxouT0iAW2qMa4aH1SSIuut6+4xjtXtL7+jwnidxiGl5xmlYjwhlWQHf9mcLE22JyxQjgfXgY+5uNZPBFzOKZXOZv7dfrFcXtemlPz561qxpLksqnI/U2ohAc+DDjxxUf/1blADFWUUMzJZTXqTWTqvVTvY6gNt48NGpd7wANcXpZDCmwAADCKuVNngsLKb1W7IDNG56yaUTnSM5fPkRrUVZjLywMuu2tghzHrN4V44uL9zzfNBMCBoEqL7aOjcZHe1Oct97cxIJwfFhPWKDr3WLMXJXhZojZ6W+Dct6ailgiJVjkyGU9npLLvGtUhsB5qiAgMBSdDbWtK9CpYviaoQ53BRCny/U8JckRY7QBNhquYlFW7wOI56N4qZZlDKNygAweWgAiisezCkoaT7Xmx6YlQBFVbk8oRpvMO/gGFgGmyZLP9opx6ce3eh2P7V0KWTxN/hPO/SECsxF/i2pQfl9wcmjmqK6P5Cw1OSOC0odp4SUPiKbheRpMjysFbRbV7bjAiZbTIqA1tx4hXS0S68paO+9Sv/TIYUHtcbT7yVmgst/8FJPFgE7M2J/QIQ7Cd59L9EKUxb31NMVFgJU0sAAAB/3Im/5KR/pCIkUQM7PAkwR9ldNQUqXNkqidhihLDS7+BICRvU2je9DApkdvuxtMZXFLcqdhLh34p/d4SegyGFLaxYsVQzML2KKLX9OznKHBKIC498SJnoV2LJXT6GaLIX0O9qWcDrSOcglfJBc+QXWlLJZb3foqZFQHbz8Vbz4D/+giUTcOgp2rt0bYvq7edEW0AtnXPciaLxcIKSwNFI7oxhYOAPF4kFDAzwwaVVmYCxfXyhJwE0cL+0WVJI6CFD7G4I1onx6h2A8LHqe5RdVjI4Xca/mrGLeCgHQbtTcEhlEZ1Y/uVOsieQ9ShDNbS5GPj3FSa6W3wkR136D478SVMo9OAAAsJTjdW0ogyVwks49FT5Dya4AxjAY1zSgZtVaohRMcCWP51Bo2HlKg9s7nujNnybjAby2O+BL0+kAnY+hl+hdsEcpjbtKio1OASzYocd/T0wBdiuoQJ+3B11LE5dIksWPKfq5mLRmis6EkpB9Ze8siaxZ+jgZz5lr3taMoUAviBkLddXUdS8GvvPOAAAAAAAAAAArkK+qhSNSsovitAGEKNgdAAAAJP//stIAAAAAAAAAAAAAAAAAAAAAAAAAAAAAAAAAAAAAAAAAAAAAAAAAAAAAAAAAAAAAAAAAuD9OjgMHBYRPPg98BHwUP/Hm8nnItS8GZ2AAGe+9T7/Q04uq3Eo5yfa1vuhLoprGwXgY4hAIuEn8ZX4KGBQP0j+veEqFWBdskSphrQdOeyo9anqAFMGQlNd66xWj7YGvwV1PN8yQ+F4p0n/gAz3XxpEmAo2pwIsGvrPA7tKv3ErOqsIEEyGV8Lavwhmu0C7mGc/S47u6NDdNqbmccn5FRaHc1wpR1PQRR43aE3xjbQa9HqOCZ3P1bKoBwLAfkcT/b/A3BV47YwXfkP2XBOQXLbhQmw2pZI+lOBWa1PxvkUkHey9c76FAXqR0CRGhDfbUDiehTDq6Nxcyf7eCd+l951GSwG+KsMtZacj9DAV7yMdxeol7w/7WY/PW9DZHlTMT+bFfZmNkcEkENII1zQLSt5lXZb4L+8PvlJwJZqUDId0aPecy88b24P8XTCJaDdAaA8R1j5/p/08oGGYhguF774ekExl8dvR3cF/gBexq256bHLUYst2eM9rTqvtns4lMeY/zQ1PvkRYEqGxbh9HN2xJTQtDmjsb6qCboV5AdxK97YxWNueXG8PBHBNcmyHIAO3tuW5LOZcpXVWc1SSrL/hoOgCTpOzGVtKnVU0Em9tIfAAJCcscF87pNu7as4reKMRgimU+c6CYaJ2xskAKrra2B9fp0gX/GQeMG8HL2l+Q2+2xiK0P/YhMmMGO+Z9qeO5tF5iCw9m30DqlT0g0oo8qGVq1Eq7RA0ahFN3KhFJMRlvXdd76x+CiAkE66smG7pQKq5OE7J2i1WJQRHjrrhyaL/YsZ4IzGssIwlOwYCfwU8Qs68BSF2T8VvovKEjy6pwEf/ZkDXHN0qcME98oFl+X5QhnjZEGJFYkksxA+cpr5xVxHRNZoZ4DEnYJOnH/ZjOpeG/rr7dJobohG9ExrisMiMqK7YE22uxprSBYIahLNMm0Kc3XcUuA4RggcMUkq8U8J7hzy79StQ9CgHS0lXlBDirp4MWgmNgBQQYI9HkO17uFEbWL/c5LPpLNG9uaTWdR5SmN7uss0k1bfPSLvJQ/jBkqNBPdS7T2wi7CuGjJsi0h900xFFMbAvxa5B+NRm3VrwqZq5tp1CMDzYVUMOtiU+tR5px9QQQ0kQ2e0MGxqQOwkyULgoT87s6eeeT/cXeRsW/OK1wnXEzfnQnwF09Yd/X4hGzZJTOx37pr/aVeFQnkbXgCrZ08vq6EFjZVfVSdPIK63qEE8a+BdYcPx8QJs7Zl7B1a8q6fCBvyLujplRQeah9tCNYkk8eBQVHlD430jK84GT6gAI4n1Gj9W87ntkz3nTz9/ZlWRSIsHhii+N2wfFgBEOxeVL2eWfz5FcXe/EG++KtlhwRUt2hc358Zt2UfwgarniNApC+kiBREYsIAb5F9LTNwN5rLlJlwQd+iI7mhzzEt5Wdrrsqbv8YdJgDN3oaNTdiYl4RCiEoizBH1DJxwv6L1qv1nN9UXvfTQsIFK+t8Z5BCjDwPaKr/olOOymAbparFHdQDS/l03PAV8KqXfwJJirp/mLE0UqPp18yLOrvnG5E+9W/Ldr5x5UP+SNdOCrKSmqc6LXT3BPPCVl8WePqJfmWwYB0QAoHeaRfwoPeXDu+wyaIyyH8p5HlskRB8d5HtFmsaG4I2O6wCIEuwLjuX+itfVO4aq1IcS7ialXrWyJVMEFCvbMmNI1/ZvrcdCnxkFMCikERS+COj1868PnLwikEQzYcqdGdrnXuMiSehcuwzx76/PoN+mLX2cVCRK9rW0F3CY00uDsBTH+40r+ks005Z+ejG+3aw2jZLHJHgeIy2PA7D58RS7EHkMKrVfdts2J+TtOqchRs3puXhaZpjHo8Xh2FUgU8VCVB8egKHrRCMki0FwEQd9mxYjUgCqXeMiPd8WiYPFfRtG8ChWZjOtjOWnuIdSvbePWWp5mcALyBh69NI56B1YwfOIoCF9Z2jVtpubInymuZ0ED3AAQApGK5m171Wb4VerKc37Wimwj6SyG4ok6KyFXD8cC5c5fFUcBDU3RLbmGtKnHEBEWz2m/7bVW6L4aYqw/jvXiDnNk8rORRSvyr55SB6AO2iwBabiB8gD4uf20BmY9u2eLgsUslQai5uGCZyYWxFbOkUxA8syc/zIXCU5aLiUxC4hS7d7QN+lQagBTwhSI/9Ry2plv7+8q63QCb9wtZ3TiC9kBsBs88uteWE4CDhUoi+V6NNNQzwJUYBDhDMESWjcjh6bFahWFzyLzNMqXGnOL3sOkYKUctZO4MBDXazWhIGKkGbYluaP7SbhhTp/ueebUpOj09k5D09afDEwpvpT2ZBVo8feIiAxEY0gtjXxyLKyzfqcB3eTvl2RHZOpKR0xbulFP774ezFu0EVvlvdfGF2jmez2NbcazBHvLgPmYoUuPtru8XPMvvyTGyMNQkY+TW1cCP2bIucGSfnxNIM0nC851kXMEa5DHCazl8xkK7+NvLT8Z5oJ5El95kTdJbUia6H5ejLBaDm3wkJ4Y0TbUrnBxeAVWulzwPId8m3FOgD/ViTxdWO7XZeKCmcjkV6vkYjwYOIGgOGNlLc8iORyBAATBFA40EtEnrGq9nTnGUaeBV94R11GnRUPmKcVv3+bolkty+MGaPZ+i6Sjv71fCkX5L42D01bYPXPsMKd4754/f3eZdacNPSy0y1Ov1rigdkCom3BLJWyS1ORKaIjNrFZnyKd1pGA+5VrMlbYDIL/QI18AlcaavhkWAWNf4DXdqLfvMK3jksQkkMgEjN1Z4SMn5G87PYtdGmFYGysL8QIvYSJ6pxQTkH/matnmwvIAQN+8ur4toEdTzNbkbJE7ZpcMJkoWg8cVcY6ccuRVhiq+KjCtXFOzEnFOClB/SY8KRpzUY3jnWKTsXjsT34jGk6Vh61tQd/eII7b/ureGirvUSLe9Oz/yehvDeUj2A9JhNz8oKnsz9gR8cC9eIosU7oIT9O5UVemQ/hLAZ+30bz8KpNLhrqEO7scLhnEODR15dy7DYkt2LMk8ZC5qrpku3dpkbSQrWpE5Xl9cdeE9vF4PXyiwrmn0V8U8pVVsA/TviVhXyu9iocKUmwgMeEKVS9nSRClSaxgR5/rVmsFJqvw6Q+5qfpS65PUyzjV44+Nre2+F9LS6SDB7Mbtgedmm9KYUMFG/wurUzl7nXNixqiMMxoDgc9VQO/C3wzuAGX5tfhvUd6nEjOo4k+QEwvdXXIu4KRtZmKX7y0fqEX5AvcA+IAkV5Z82Cgu4C41oznBmjd/GhlxaIV9iT2Eqhq4bF8MMjjbzVA8P00MZg9VkCYajlI/9FfjJG+nG5T++g4GiSbFRhGlv8NaCKAQkADHqSoH8BXlRjunwtJ7aLiXSu7MDxeBQp1No6FCo/ZCA5Y9jRSmsKsWRuSuh7gAAWa9wWR3o54Qy+0bGeyjb/ahJK+nIH7lF32zmUvbp2P2/jOgPDYx+CkVkDWO7mNl2LaGWvLsxea64//L+t2s5tL5590R40PS+sp4QXN3xTiBGtrd9GeoIvQUXcAK7iHTJWT9oWHD48ZiRFXkFBB6p7W3CPnGSGMkb30wSp2X4wpgkGp+4qjQfXXhfsvLefuzHdB0PAsGjqoLY4VIqsSW0y5rcv3ti7Arc9N2zTf3QqJyeR1e0UFNRujzVniJrDicxTDE5LjCX0rjKElxkK3YWL6i3X1GeTuK0oab7ioJSNGj9JMmX6MpKgMa1YJdHGW2dEm2a81DXgdyz71PS7OtzZAc3PkIL7pKZH84Q4y5DgOB6hMfe+S8R4YN044EfvCtOXeOKaHSgLntFt+lUv2Y1+VBigFToSCDWazJtavqJIia8LZVnxmqAS2aZer1AgXJ1E1EeMYKyi5JAcaOAHSdksWGEs8Q+VfuJxlbarRLdokRYEXueIJeUNN342UQgRBWojbWF8jkCsl03MIz3Zl827ARYsmlWvZd4Ndhes4PMQMY0wf8NmJbIXRwLHLrOh2WKkcIT81l5zFlHcNMxCu2i15Vd9fDGIUW0AA43RFc9QOPXKDe5dqgdHA8YHGKMqdGJqIx/6sc+ua8AGvwM7neUY2CxyDFGkFcdAKE5QHxIuH3Fe1h1JlDou4+9k1k5jhZrzp+RSoMj4o2+NELi4d1epeuHfnBrKEhPHUNo4ae53KNx5w6Zd2GGIvyPU/RfnqHvBDuJ0NJUfIOYtRHpKFNsqOcE5nGvuLOMHW0GQwxsl51/NAXaAU92fZg0MPiJdgKnFAAGMGdp7Fc34H0RR4a6taDiHys5HFAgTx0RgopqgYQDPrWPYnAwpIFCejzt2MYb3m+HwQbCxPFO6gWOyPkz9hKY+y9ZFtRunmYPlQubnOkyCKhFJ2LrcFCrPrWvWNRMpHTXYRV5F7fgeakrQscqZdSif9NngDfT8ZrBMz24IftcElxnzU20DQAjELRWobTj9gDxzRAwSMULPXS6aqtBd/gWUk3oi9t9h+Xn94bo1kjjhCLKJJlNkB7B/rBMr4HbpQq8Ma9xj/haUc1ZQKVWXz5OdDaaS27PbYCsFZBDPhbbLasJGTU276FEQsi/utmk5UZ1CNkFz8qN3r+/rWJouPZtfz8VwFRn0bb1KBPjWACoAkOJAjS8SmNbjEMtnYkUbH9iJGBn3qxQDGwz7tlQchb685vMYfzCYc54dBYW55fe5Yb5ywBJUR9G9ZV6/mX7JCwNJVewd97JVKKJbz9UysKH+9i9ACuCu3RSLIqlwf3e4J9IXmShVJtBEkEUR1nYQB4m7WAYFffhoX7jkzXW245MygN3Y4TcPavkPp32n6jmu72OBfh1Ilz4F3i9lH+GN64yrBn0lIgYjhGChTUUNj8CRdLl3vlKzxA1YbbE2YZcgs/7cVdqg6tDdu1I/gyqsdymrB905z7KMryB6TZQUkNg5mUNTSDtYVbEw+9lWCvZq4UwVdlOii1zOYWjH3rdsegPbtCMFpQMpdPZeroOT0V/QXC1qBCyz5+gNE1Na/5Uc0+esnUsRtokil3RzOIKlO2wnvlMXxHWk/1785Q3QhO0laQKlWKC/lY3Gp/zxJ66PUajHhyD6BvmY3z7OzfYDdG+YRHkWmhYvJETcsdBS2vUBzZPHd0WhfYfcvN+9R6oedRz80ww8lV+B5syitISYedSQl3zodjgm2VgGidRN2E6RTr+xEnPfROYRrbBQ0hzZ9GSLFhc+mFW9CSn8wy9mN9GtYlMuss3D65Fw8earRGOAF4tdringATjOhuDNkBlhurdiXn1I0/L4UQUiP9WiWQAAgH0SzIiojz7bSCoYwGAx3jFBu5yySQoBbJt2Dc01VyEpVYzCMPbCI7YZttAj/NpjzrQJj9klP/PfGAdyJiC4LfOzzjCX88PcdGAfh41aExwCh9qGnME4eqotov86Kr15wJmdXgvHe52ZPvw6aJIcKUyprp03G8LevgpFqOfNi4AbGKK/ibiYibxV0viZMDlMFUYjPQp5rC9TwMi6t8YGBdbPoF+tDTN88kRFfVs0cgAWWRekuww9ySDAktCb+L3BOIcaVsvud58WMM2vCoPjUKZKlgDP02GkzOTJSw0DvW2losGxJeoctsA4kUpHUKFfZtfq9txMLevyWClQcoYdJKjr63t1G6OtsPcCfvS/rzRaP2uKZCcR68qLCzesRWoL70qnJ8MwCJzNr7WXNbUR+xM1XHOy7ny34SqRrDKH8FAigRWIcRPeOLdgh+GwKSPF60IBD0TLJxEjIMARQu5VgsyUPiK2wOSicvOiBOu45OX9+mjSMF/pjhb8GXVvQYOZI7O5nlVjzarQU6Nxz8jA0Y79REnvq4UP9Q9pn0qvu/U91uwswdcAAgrNEC8H2FCTGeAABnqtk5O+4VGV4Pn9klOCbIcmyjdG3yHHhBS3zmkdGTMdmqLhz/YinYU69mGV2tr1imQY9AdWRHZ1+Y6mTMNqmLPfHcVnmUVkJXJMf3iRMl6V/NBpLmIZKVif1Cs9kxO5nSC7AOZRxlVhRCBvKCIYPV22W6xhA6xbFRpJb4x2XI/ed+adoCcNXgtA+NrouZjWUOraJQLAzgkoeioJWP1el0eFRAV+Xc6tQG8Y9Xyfl8028MPDJdIEOfedIq2LjpydGV8NfyCaWzkh2O+Qv4MyDPBCNVQFI5w5mBG5pMjO0e3hVB+G8OyRXsyHrsphaXJ/MFBXqNFElLCYm+J4uo1hOEeobT1cvN53DBmoPnINkonIlcsjZODxRjp4RRsxxsq0XGxwnXoAKVZesXRg0KyB2xaDlq099F3/NvKSrwCy0yTB9Pg0e9Ptz45E1gadTejn4LJNDtBr4s1190k5Hy+E//aDB6qZMZPr82y9mnJzepBcoHNEk54zHWI1jvchENHpxJrHVMhWj9IFlrcDKSa45pTQE2WzR50BQ6TGsWl8b3DS+w5aUNVKV2xdi6swho7fxdnPP9sxEGBA8IpvO9NgdUUyTszRg/VvFuHUYLJgyeU9N5FmHbQeLn+7rPU7GrgyD5m2dmfH+O9rp3kKVt0w994rRLRqonns0Zh3/dsoVIvXAc51tL60TB2fQrLuyYYiGk4JzhVz+AU2SIodojWrkmDzdmD4J2Wud9QY+kRMnmkmN0A0C6ALE7C4OI8Qb8vkzchj15li88dl57HJqOQwBumA+ice99rN+V0HiR1zS7frHosCPsJmKd5oHkq9plUm61A9RAjybJbhyWKJfDPN7Okj/fPjmqw3gAAgGjQDKLxzVP2atLdOXJe4Hem0+fcxE7KQchhs20ab3eB8xVY/ucoasTT0FUj/Xd9MpBONZwUWUcV5bDnjM0ZPDxf/v0YW9P3G9ftPXEOkM+Xgsm4vtq2045dU11UnxMfOFCgEJ5vmVZVyVm6tPG380EZnQeCioWK1KlFgWLiZgpVSifsDwFAwdNMgJ7I/6D1nsvVEc9oKY7ctiBkWq3/E9+7xpiF/j7/8CwJ7nEdVBm6yT3viF1Gv1mIvoJkK4pJbNIgDDNs6oYQPpk9MuASY891Ear8DqEAHdH/EhCDB3kk+kVteHMFFqRbPM2BLnVJLmPK+MDG6lS0mJUyR7VOOI1S+ZCdAOwHV2EsdzMfB1YHX9K1pG1NVFSMdrRHK1YCAZDskgzmYCX64TlBsZC84t5PpStdFVGIC/dFzpZgaj5MdPAow5cNwrQiMDONxX97mlomV8RThTI3YS9ylqXJUAAHVr8uHxEP0gn/m/XzEaB7nsrSX57kVE0yd8+vkd+hZTMm7nG67a7TLTf+ZyLQVwMV02xguaiYoGajsr3XcvITeft7ZEd3WmgExUwKp61mKlzo5CCzhe9hClioia5K5g+jQd+JbEup0oa2TJkvzB+BaR21baF95GKjIqNETVLIDtZq5yT5OSBsykspQ5LcLP0wJtl6keok17kXUEZFV9FHHBeLRjzQLxPyjn2YgNew70b1dmZrjkbJJMHX63EogQo1nJ7fCznmq4xU/HjxgO56zJIk7kDIAOEwrl/OFx4YFwced0jQdAw/A23/6KII1Tjzvv6pm4BUSUy+cEvlaQBfAli2Nt6N0JG+vpid5Iytn9821lYFEjmnSL1G8GsKyN40kbjZ7FBam0Yvk9nYFBCNvXjCsB41Na4v5dLejpIA2Sbk/vaxdZlx2fHqWAkSdx2+54krXsgACEZle5py84NVYIibDw3S9kB3TA1RMfGx6DITK2Pach1LtxYUJ2wvjYw3PuEPpJSWrDcXhc1JPns3VuIf1yNTi6JOlwOeQGBJkNoYTHlYh/p01Z/nlpOfSpt5TVQi3r0EDZIuI7ohv+f+tuxdfq8tcaJ6IWo86bz7Wju2jVGMLVyeEh78ToViIb4v+On24FE31fbQQwWde0LxTpHTPWQees31dLd8isEQjfZQKCSFK6IcW/sI7uT6cnqE6mEVWVCzFkpBayJFD/Hdp0RqfVM1kjBq8+obpT1MEM6B6G5hd3dJ2bpnCAGnenhwvtAERtyayNdXingkCtDq5fgBXOjKd55gLJU1eVOU1cWqRIxgYvVcl/NmxEF+rTSF5O+4vhHA946s9rID6SgRr0dSBeJL03A8vYgZw8koEC6bIUv7QWp/ZdN+WQ01KSlq1jSlD7bnr/YySxrf4hw6CuXHZJRR2XxVESztYu1YHK9/SWiUYcsTYBxLro2jeQ1p1m0l4Q75I8DnDFjYzpRjIS653L76p3tio/sKVKfNYeEDxlqXyPYkjGtvyuz353fNmouZRt71+3TpU46Tc+d7mClmlkGU6CP8mllXuioCDTaRnEAx7uEJNyZnbr+n4rRdk6L6zZxChRXQ/vrR9PptK76v6wxNUuBgP/Z0CVgAE0zBk+eGryVxez6Eq91LTQX0JYB1pwACuQuzWiH845OonB/3mfMgz9WZDb48utJq5fXNs2LM7jSmgLhIY8+j6ZzkyHjeH+BLDwzTVj9BHYYIi006dUdm4fXj/fB0erTDuOVeYYdyCOvIPdL5DxJAy106hFZ9GC46I5H5q3xXGEAOsa20V+Ybj6A2BA6vwpOpRGzg/uvQ0Tl1Y+HI9I5y9luxKT+EtCGlXkaSIYdMBce5IAUmF4V2V5hyJc8x25z3OWZocGukxn7AFUG0rN9xRGBg+N8DXWEr0fJ+7rUslbMC1gBG3wursFV8aroU9iqY6hczH5ZNCfulCd8EShWYBO1v5hLG+cW9+p6FY+bMVRP1lMYVelZ3ox7b7TgySHmNdgHZ5CFm0pAesX2IrtEycADOrPJdAy/4363K+Pv3oQAMQ+FecctWbiG/MewFMkV1AbARw5VwdH1AvmlNVTgDktG9+qZxDAB46uINde0ArqocbOrMyEvTQRjYtTgYERefyuu65I8upnmBfxmC5HvzQmK/x9bfWzjbiyHBzTcjYtryQg50niub07NygOkiQEvjtYfK04CI/XM4QBRTFQTth1TRQYgmtWsMjGGl8HOxctfBktYJeSMWx7izrW/3cgGpD54LV6HYtSKC+WrumVdONqMyi1E0igK+TZCKk2Jf9Xjbyifchb+iYVPWOU9W6oVgeEcZqfm0/qThVyLAsObhEAADAHxJktWzHhjZ1BEVayy/dbLycQBEQYe8HJSBM8iVZGIi+F40KP6msWBm7sAHLGwPYD6Kuwp2NEoDrly6vtkQmnHLiNt3QUe8vvOkRZKO/Vwa2Eby98HSzPrlRNVOpP2fdo6/jBEHAdf0YOHST5HOaypwocjgwTgqV5KcJ5fXcQ3mMTw92I2BSgSegRYyhqK5IEs5fI6gUny4dw77GqSzOfaF9f0KIMmFVZkHAQmh2JI3j8WyU4T2Y7lSamGonXGQik55BWFF1E0aqfAb+5Cke61pS+jGX2TIhYMK4J9qxKkQOLS2XFFuHbflCagU9RfGIqd0aUoUH/bC5FmXAN3FPcao7yEjwqKP14syPGk6irRV2NszV4QlaZlegAE9nEifpkpi3ZhvcvtXP2qOjiK0RtaMq98uQZHdcyeC2CWsOQXqbdgnyd3R1iNKEYmH9vO3uJ09hRf3WbD5KwFpgC542cUq/bUdwALlLrbkpR7NkCco+iei2keBcsliwIGLdIBv0yY1KH/GpLGgAlMCAZkeJK24Lm+FglqVALbVvEh0dklfhPZLzs8YGgvUiUYfOlMA3X8BxhgfCbuX0STqocg+xRk7GOYwlWJGpiX6mBg7FTgEEHsdCABmaisxpVDbHk8A/Zq034x9zp1EcBlIXXQ+qpRK170qP5gD6oB8+36rFlXLaGtbMiN2CdHtktavXms9QxTZGfrrOb1Cy/N/9+a2dwAK6UKP3dwjjKjsQqI5pvTUKQBXTXhr5xZCiXsDkc5UL+ozSzzjQobYd6C1l9rMCeJnetg/0qBSkLzoU1CEzBcXB2/iug1iy30wVodtb6MtvGen9tiNfRxuo+fiW5mCmq4lAbqNt5sPcbMPM48HrEyIpx0t6fsO14ek84+M6L/pkKNqbt68CYiPm69tgNEI1V/CPIzEsks++5A4ULftbTFMxAsMJ/sxz8giySeOjb/BX4Qns7GDSsJUaK07/FheOXGY/4tIG+mIxarbziQ88i0JTipvBqNKCrkcVwYpySxqWHRuv8TSDywuJHGGeY7EhYxqWK5uwRHpOLeAMUii0Kjkh4d6fqyqRRpwIZ+iDrLiCfuBtQAzuOFCcKR2JZImVdivfIrxq3Et4Cvv5LXRrSNk5U6kp0ihuRDkP8LfrhO1qF4iJaIQKokJnbIO/5t06wpHYj5iXvg6Mq7HkOXVeZUzGim65t1aUI0ikzxsjA5KS+0v+u/fqkulQXTb9MXwEMHLvaSbRwAVI4jRjZj9A/582JpHmDv6N2l8Rv6FzXDHk6B7pDOLEzDIy+2+nhamh1uqZYATZOScsWHem8VrRipM/uMcwWtCzDIXb+3mGmMSNUJhLDY4QvP+vDSBMmPjglkFI7yDgcKRHBosaPjgyg2tErmUQ3YcnoYbOMDyTQIE/DASv6L8HFWwSuEyv+iu6hB+XKzOUvZebo7DurbpiXzRMLIvvpF74WCvy1lgXKKVtQwTRvgqQvYh5rgSCN7i6q3HK+YhH7oj57AIESmOQeiYDsvyNWOf+KEb7FJA5aEMwD0qBduemX5uhRklR2uKLQrJya0+ll/F2iTchVrLAiusRdv8133RCwpKCStvTBKZPjoxuAMAIwpXzv6NzejoYdef7ssO/F06NhnMSObbkFEGrCGorKGbtHP39UnPhXm5Yve2emmafJKv3xAkYKLrIptJvNcERUy9+0BfPuN/Bv1TTtZnt2xm5y7Eh4lkDoUkBLGYAAFUxh0Xdfpe6q9xd9KGKC9JZ2wzc8G5GIROB0XjCTNM0AAn7EEXr1uqMA2xvpqS/F/rMsc95dvUE8Tfojguy4mcAfvAKvYVqmOEaSRa4NId/LWO82EgzXkJZajLENxM4WgfvHI/7rJoGYxCMik5LaFAoogGM1hXKviZXQU6cBBsQ5LIlIxpBFqTTzQZgNZr5r2Nh62k8VKj8zyLpv4odWdcHObRFy3+VkM/7gCYzCXogzGTMnRTJgPAF22HGaXvRm1qZuDDfLzTnKCpD9uaj965AT+wyyeEyOqDHdk1sqkuW/RqDFs5uNd4mdw4yTsMKmnNC7nNisq77k0yZlipadX6iiKPKhk3QA5gFFIb5iK8XBIzhgbBrbLm4hmqqBP1jMeIW2AVDLsv8UrExGIy54AiX+f1bZPitxUVwuC0h0hsZZ6hSbqinH3suo9e18pri2gbWhis5I7zN+ivf1I2xXfmrWOciUH/eulFQfWgi4rAR3qW0prK+swVi99dsKYHbxSD7bY7MjkZYON9wiTj1phTkG8UBg7aObg/aPeraPGOrUMV0tTeT5hWZXsEJfNnQ4aONVjhq4XswGC0KbNE6LiWHwrBhdjv4CGa8Pk8eFVvTxJMgqYG2anXCj81hHgZTRG1B2yeT49ckWrz9B1qzGwT98seHiz/9GEjOxmSX/gm61YFwSl+EgsG4c1ssRxRPuCLeYKVg2OGSnz7096Yc4EyhEmUCR4j70myCejpiWL1Oqh3CuA1OAq3+lj0s9YfXQXh1ltKWKEwx9ffgFwfHx6OEUiFT8ttpvPsMVC0KTZyDm5LeXWzomO2dirS6cFi+MCQCDZ9LpoBrr2GIe4kjNv7yPF2bBO+wkm68HnUOXI6CJohVMm3l2ufQct5HAU+wCjgdxeH1iypxZRFoe9oOTBTJmruNg64w3ZNIlWuM1FE6UJlYxntV+qF47pn5MZNNxyjJaykHvLPAi9QlJ/vAQI5ADP85epRiynPHckPxPI81DI/lC37Fki6uw9WseMgqyYR3fEbQMzXQH5x69yxnX54ErSdzTsgEZpRHw7qe0Zy5vTxkenSOei2rkKgSkNMbSYfe52Vm8t4GAkBo0gahjZae+jYl0CccAAxb/eGoDqh0Iy1aRn/rrzhi93BqopUmsNn/fL+N4gY1uj6wxC3VY2thV4opulHarIUN2/ReymiWAdW3OjvWIV2Q/8+vjUZgyMBckMcA7r6X70whXd5aYCOx9epwybHbOfZsPl/SqYQSYnuFt8L4AMGzWGI9HrA6kgp2/zSyX4SSElG8mi17t0jq+VN7T3PSqZCsgpI14R2KFv07SWWKanwJbhheOCasXWsqsn7r9zK7BiHWdAAAhlB5cJlqFn18e11j0ndcD7oHg4CEkgBYKWGXHQ33IGhDZi+UIPQNBo53Bm37eGOyIF0ivsPm5qRaY+N/sFAwWhwEXmfj2usej9uxpkzWg00MalklK0RLS+goozxgaUduJJ9HMoggLCczGn91NO86fp3x0Rsji0ldQbsNCnRQNiJttyiUgWZEil83+htYVUbsDbjAiYmgMO6sy01VLhlT0nqu4pw1n3XaDBkJZI7nTAASRFSQzvTemMa13qSK4O0xc48S6y9qI/+xtv/OKgI89GT54Y3f34XLCw51GnBouJ/k7R1baX3EYKg9a+dleEvDvHmmxsj/AMtrhl3UDfP5f8gJYmtmR3V4aThRNKpPUT/pdliOktL2AoaXU8JpBs5Gy8RuEkbIEGQ/zo58bNrg4dN4xYXdn/GJApSapZ36kCVHbyniWvZeI3CSOG3t/BpgP3kX2OMB57M6ioFzi5BarqgZfhtswCJ9VIqiSBLHgywxj4YegtYMHhSzwmS904XMZ8ejYoyNw+QAGBbrQ+FsDplpj3Q91mzVMMQUqGOPclDn9DSDBfOIk8BnBbsc7KK/lWwJ6cLiH8bDC5CksC+Q4OGJVwD0McgoQjlR6kDH+zzX7VWhz8r5SNcFfJw4Lbf6VNAA7r+l0GZGIrsGcYbo+yasJFIuXnaIpUhsCEtWr0vqcz0i/jthg75DGx9/hGedxXSh1lHr2Hw0E+qLi074y4Et5FSAFbpeD7HFYeI/PwlS7N+CFZmobNEaW8GQZ71mYThOGDvrkmLRXNjm3cZVuuhoSAOk0addeunuIWUiBglgATKbN28yblbFbH9YCAcwrbviW5Ci+kuT1SC7+xmB24GgMAzqZblfZ8tGpZvGyYrO3s88tU03eMCY+Cd5gy7IfR3P5CvPNxRZFX9Xed6xFaK+80gFk+UXZHETlF/p4ZBrL/zurIYk9cLw7FqDRqmcXPhrUBFPq0uguXBuxagnx6GmNOmNVBgPwJsp+m47gdaT/NIXiSm9s9aT2eR/g7N79YCp6r6Vm8Laz/iWsq1w0AC2qq05OJN4K9z3XeqwxwbWLwrK3nrhlKpVFUMPaBIG7ZJomMunXKIteu9Wd5ivXc//c63uLo5cbF6VcviqRDdb65DTP/NFa6cAbE3ku7FArqw15p0mZgKZwCmHX3J+oM3U9CL6wA3Z7w+6Z7IdffW4u/DeM13VfEBo3CIgFF2hVeYxZiW9V49VtnbYIDFwxT7wEYo6tpNQkyuvKbv9WfPVwBm1bK1jEpnIaPrjvDwJhERuyaNmbad0qv9291f68M2Iq/EahDaZPOWc5jYBu6KW2JvZYlKEic6VSWixSB3bEYfqHponR5qmNiZ6s+FbAnnJiFE7rTA6lNziDS0zqjGZhBHOxSVJ22nrkaueo2nFnjubHsHsnEK/S18lYd/OMdWRcdRfQIsaVwM8/dAAJcZVgxfHen4u2cQR5NcMGXciDNPQeprJ6A0b2eqyNbc82I7P1dvCjaP+g8alk/0d6qNeacnWoS6BjDjQgw8QBE2wFk7hRJIY7V4XiQgQcbzzwDHzq+JegiQ5QBoN324jlWNBA1PhHn/J3tNhSp723EC8PNW2vHty0Ft+C2vbbvMh8zcxA/zs4yrD3AuaBarN3Mey6cRFlk3uabH2tRo3VwSDvQCaI+euQ3hK/G3Sc8WvQUVqmFJecYclaLyBfRvEbXpllCKGhJ4h/BQlDsJ0/BgfyWAjsTQg5hdudUqJX04J7AwMsw3r44qt7u3v3pDTN3nCArocUHy3K3Osq8kP0vYnJb/F9KI+eoSxilsJ50AespOUMb9uhEXTQR/WrM4Ukm7PEc+IdVIINoqFu4Kb0ZpAr2AAaqN0pxSucKdqkCuglW+eDK8iyhRMeu+EGAjLIX6cjYyZ4vSeoXF6ZW80yUa4tCO0pPFvO1QohyGkoHyHjW349+bfDPq1dvokj02XzhjR8cDc60BHfxFnqLMDoLrys+oVUjfy/cAd0tA/s3PVE0MNsRYN1BL9uqfTYMpvpLMbwDwFb7XvDcpQ2eOsud5A6ArcOQJnxGbh3wxbj9fWfhdfqqdlA96Q7GR/Uo+tZeBKYJeGQrhlIh7Uhr2EAK1YQLsoWLdSZIShs9eLPB53pxhqcyFuA9HZ4BNWKGYc4YTyFQ2pKpMeWj66uNn6SZOubfQq5MqBwjGIHQWGAWxeLaO9ElY4sWvsW8O3BLo6SZrB3mrRe6mhMUvQv/9Nzbgvi+RZNV5Ucbg+uzl8q3wjL8L24cVqg4ERFF0xedqVFNE1m9xV4wK51CZdqOjTOpVzLB6dktYmv3JqsJ+WlXGdh3e+OBTeu6M8bb8YXCTnOTl+XsGZlQqSKSSyzNzuLFlv/aovaTZQbKbCtvfDrHGPB+BX4/CpsMGAP6UXcBjapn+puRB5a5co2atNDbMzElKwfOio3Dwg0mTy5TOctKzb8VxHrM0Ha+Ssy1zF4Ole/CSV20ygAUwADpDhvzUWZ05QqF8NxzWQFUYe8hZiLsZA4Pkkp+U+ZS+2+CtKdtf7kuxqL6MDG9IANWXCoimRSUItXvyPST5G68Q9VRrb+6fqzalg4UMT/lU7qDABZYQkgUu5YNFkzNEh52phVlmz5qRSOtuTfhA2gAB34qrbvpUmnWbSowpE1j/vti/QItARoOn1/RAnkLg10lzttwPY0TvXhsDon5t2Id+ESupYciMHiWNLTJyVqEZakcD5r/bD5zcH3HYkv0kSJkEqgfhUcRMsIPT6KD84AV+6qeRWhWxqT8CBPCwVeu5GS75TZBktOqmnvoJiFEaIBDh6gw9hBrMPk2QAS+CFAA8/3LyP4roWmmeM6sQtvJtEx8T944+zsIJzfIAKWsOvqY7bjx0pKQmjlDaVqdayyLLQWsBVHo5u15zQVg4+b8jISABAy2w+Uo4/QuQQ0bJKOe0rIH96jC6eBmOcm95Py+5uspVfMsFy8kiWxtyFSMHqAdKyAAEBUAPoudr9B7rKMz75jnLgAAMZ5ItlItYZG1EBkRHAdYrpzAACb6UQPbYw5qg7BKfahYJH+ia1jH04dAFfYg5oJzUAAAhBir8CHEHafKM+wAAf1J/0Po0mNQogAELC4d50cAp2eJ47lDJoCVesHUxwAACJCe4J57bZEf5BzjC4+nM0iDTXRq/VepRUAAAo5AGUa+gDARTdJp71oAACvKFWRsZZAtkvNfcyQkUNA07D6xoAAAAFCz+KWR+8e9VFWNEsQAAAK/4tUsVAxsQ26NX6YC+6WwGmfE4/X6rAAAGN+DXYopNjhoA2Fzfj4pXwBbd758OGFFk5qhRLHNox7sC5f98IQslHa5Xv+j/ZTtIYoUZRMVMucYdMjgdTyiEfKG1objhONqJPVCdc8EYrNUWrR02oVGhhngaL02ZlEtWxjYoOLML1jGw+ngo3nORcXaRQ1q7AzpyD4o7AAEWxEKLxCdEdBTcZ5p0T4ArUOhwITQRv9DApWnWFW6ibfAf64bXz3mbb0z1pjH36hynnvnRaMooQQ8YlfZB4ZOW2v2QDwAAAAAAAAAAAAAAAAAAAAAAAAAAAAAChy0H7W/v7poomW0d4Tfhej9ui8t4DxMCOxTwoAAXNf45le7kzJ+gbeme4Jrg4zbN0HIni8jZKM5DiDcy3N2Uhp4rqh7EFHchZxBdu9WYkeP+c6bKMv+eMV2BPzpUmD4p/QPzWWL7fuK2aMVzSbOt9QNnofSgSdef/UZ7wbVjk1+Mr5uRJLlj0Fca0USMayD3Vp6gO5djA1g7vQSC2IHiN1MY3OKu0Kw0F1r7VH7XetUoo8d+WIemsImLSvZEpriJKuOHzuHlCzpab8zlRUr4yz53l4mOMNThS3teK8vYzZ+QV4Yb9VmBk5gxl7C1SOqSBePqgsXQdwviesovv0oYGtV+HK4p0EDUdFWYZPu0XjtQ+dKVmUlIoYmImhYEGfC7duTMFnDMOicoTjvDpgiStZ3E+i2Pp+t+uO2wih+rceoU3v5k6u3XTNUqRDHlr4Srr1CVkj70tZW7SFSS2HdrN2WVuRfKlAWoQEQjiqok2gOWATPTJO32/RpCuebtN0yo52GfZWZWxSPdVCzDdafEeWr2rlj25nbevku5gIvPKKc7RcTZIQrc+z5SD/Obl6KjLeZ5RTBN+LdpPSN+Kl1xTxkaobKuD52omncjyNNyZGilXv+NqARW0anvzn2SXndU+QlgObaHeF6yPMOn7b1GZ/ieNGL/iH0P6PV3iv7KS1vN1Vvt+XjgxkkH8O0tffPlQAB+JlKWuugOXwRWGmFFLeaFKmJf0IAAADCDqPSUJaeY68NPaZi8+El8nGS7sSo4oEMn2Kma2YkRAmtr74hYjCMj4RHmQbQfASkJJok2INvXsiYn2gFCZVrtP1OUIRICyIQa5XwWQuSA09LQFdQoKvmDVMcFkrRgGDqHcKd1lUGOX8O3rPoHQ5k/EN+4SWecvsnLf9fD13w0y/E7VSVbsUmBSt7gacznzcnt/fdu7e6jykQFNjDKjjcGK5J5a/JYL4Cg1GDHHXXKXHCJAQJa3arkUkW5/JTMwmSnrMpKNtautnHXQfOq4O13mpl6qhfL1FATrBIH6r9a/wjsrFn0bxvigkxRugdnjKfuUZCtdQDWzF9CZbkdgo1CzBdEEvbZDPWjGDUFqbhigd0hBoQ5g3nv23FghmnJT3AlNs142H7RgoY+ppDZslJxXFGZvbyWDYnSvZxYoMI9E8DaR6XXrmg4yNz8jcalW6JgBIGBd/mjheFpyhLlAbppXIe7xrMJK7rxD70iwwZQwE2Pxg5tMZ7snW624Wyik1xZEPpxpIfhA93qXNrcEBGcSNLgXxMf8PU2S/qwiPqLs4uiKFcU5psuQKxDrRwDWRFVAi54+xLb6AK5a4qaSYLNAAAA+xq+Fq2DZZMWvOhO1/UmbC6sYrcxpw3Viq3WgHRLaxJr8HqEz+U+bl7XzHZUhcMtvYCZPsyUl267YInkqrTMGenN7TPkRAwixZ7KBo9/3t8+TE+Wlbu9FJP/KCZWmtWNp0YMpWeXXKvPZQ5XK/2AAKbhPRtV0j9vLAd4ydzO3biTAS0nPDhnF3qCncoYlwM3t+ZZJFrGu7ti0acX7f5EelY/kCFgTqnnBuehFriYcS9gPhkon7QKOUR6HlB2J8QHutFzJJiCj6gaQo8vJIZTNEae5C/ceG5I4mAAABE/0f07CrQzS4c20Csk8QAADOxlX47EvVAAAABIDFAgorOcpAmxHgfq8g0zVTUOEuB0BcmUTsb3TZvln/1aA85IYoNjYu5pVPKTPo2tiaqWqg0YClq7PxbaKqDjiZJ+woowRqtqAo/RqQjHGLGJ5DxtWVhGpDuTfrSr1AMGj7lXTnmRqwq8JHOEAQXs/lUR7b78S05V6MaVWVRAAKt8fsdtRMIQqJpbxKlcl+1QdXCEeRgGDFpIstjw79zP7ZGX2nD5Kt/UkC0JxmERs92ZCjvU9jv44pJ8ZiHJgSWnXvPjfEpQb5E6CDKkQMnuutMCWim2zKC0fo3IGVlsU6QwJn6IIWteokz5pt6gaGJ/LtM4vpgBvMoaPhzNnNKFN1MEId2Vb3TAwyxQR5Pch/vFlWWlDgimFZli7mkXLMeGD9juefSOpH502TTt/IpjbgdmGYfGajdeuT9LAxyZPX0Omrkd0UyuYnCWzOP3OdjyckLc2K7m2pB079Wdm5lhyHJQ20J0dCs6Y3mAcRWVJ3052oDbP4CwO6u548bJuGRoZeEGh/sxfmDieuiAzvtOVoE1o2l+TyXsKpWaJ5AYFAw0d42mkOFydmxNQQzRtPUvzdgMjKHpazW8XkcVEn4+Td/c/4gJdpRffjcY+oFcK9WzcNIcdaJO06hAbv/Tdjn59N1R5Cn77YY9OY4tHyq64NDVC7Iam4bEpY09VZfX5ZOBacJGHww8sPQKtgSQfkygwA/trCpiipfzKZF1qey5C2zWarLgsgQqUZVx/ITnIRA1RpoWpUtTGTm09fHqc+7PZtLCXR476F4iQBC/x1SDnY9IMjikIceLoAnIIV5WP2s7GZx8h0IOk08slu53+rbuvFL2+TANEMoyPcjr7jlPVnkn+2g6ZQ5ZxKOZ34Is4IlxeAHZm7zJuBQnR/Kic0ok/S3Hdhlga8wweRrdazTlB2lNvzAUuruHpxVQwYb6ft94XyUCiADsAfV4lD8qzr7n+ZHy5e9ABO3kZq+42lZeERLnuGXFAac/5okXLZ0CzCYI14soi4XY/eWJzXp2HHeohaU/XbMi4OlTbuSPHCf4Xk3feRlhIoCDcmBsi1NlbJsPVBHo5RL+9TaXGildHn96Y2tkO8Lv4DAPt1ri0MmEodOl+pHY3g/LRS9MUcQcpXrF3W5qlZ/FOgd/KTduky5P+CEwkV4wc19YLL8/aIJiOLSq/BEpC2tlcG/JMjrtCHwYqnmB2P5euKT3la3aCbpEWcbl1LfGfBbN058X1JmLgdvMAhwvF8lMmpGvcO9fKm1/Hazs4DAFe/PR9VEdiM0ImxPxVyLHBu8adftHQ+flhCi0ryg8js08lpLyWEGt3au7nbUVUiIgCnQ7vVkVn2StFlc4kC3MH8TW/EbPX8Wyk1HOMwCUL5jFQsOs3p/9mLYX6lHGzTMzzCTJwe/4WbRzcqRvSDl27TFW0SUMVS2/klcXsLdBBiwKuCJvVLbgKP8AWTD+YdPjQTXHjBTjk3IJnLZ4Ev7p8Gwi2rMqfnbA8oFJ/aQiEoFfsMS177FxFcgWOLEB8UND21WAVbg1EX96HOORHGT6FDukTCCwZYsisEqM55Z7QkN2pVzPHedhtqqRko5uMsg0Rwd/v1PhV4QYdovm2inoPBAuGIiJoU3qD+Nfk9df4iCl5VD1m83UtxeWqCZCsEVN8O0W85pzlHWfxG70ZF0DXXVZtUsdlVUzKOgaBwAAXHmx3Tsr4ojcL+weN9lEsPZQMh8py3Li1d5J6smikJE36fUHyHrTca5ncmUo9mbbyzezJBqMU7IjL5ux6m/yvnvf8NCQaqkbmUCs7ns0l00L+4AtI0xB47QSGAAgwGLtw6VsF3HoBlj1zm2kOsFqqL0o4Vecjixce02a3JTWe3u1GtTbzPb36AFtCTv2SPTLBYWaJ3MklJHf6T9rqg/5lFcuGzkKvyK9GMgsTFHL9q2TRSOLBEC2rcTaJ3RXCdB+Q/GkCY3DTU6lDLtMIjYVX1MbMAssGkiHtnILT+hUHN8mIdoESrEjcbNvez69Dbpf2/vQK277AZRFT3eT4sU4EQZtnnSvH0KWxbYJBOo+4Y647Kpi2azMkv6R9jKCaObwzcpJwSkuzrXDQ02q3LeOFACZ/e0kM25oPvkrAUKVcQYwbFgMRIn0ldsgiSqOOJGeNqOfhRdNDSGzB0SdyMPmi7GWEtL3HzaSDTbcZOwk7Nay/qFi45OQg6ZFuRs6EsyDxZdOFWkojbnc0mpLx/Z6BMVY25nlfTf8m003pyslrsqikkP1gA3z6Uqkw0P9/57/Uq3Bu2Rz7C28cwXPCDt/vvPJtpbTR6gKrWaIihTMbQAj26ApCLZX5ZsetxHbGylf/KAgWbbDaecypNyqhK1vhS27WV+JGxa7aPEhWTyQSYDKcSChZoDl/DAV95Ua6AoZxqPAF2nZ+B2DVnYV94nbasaTTEu8+n1/3uULgS2lLahF8El66IxhDL6nm7yTAAAAFhu7vN7X3p3iWqPOVLZLqtvw2gAAAqANiMdk4iGXgkw1+AAAAAAAP39BTDwGPT2vPZS66nRyD3UeZ8WmrcswHIDvAd/IlUIEGr9GuozZBC0UK7/8gccBn+1I6WrQ3c03/r4y7BC0KyhR4xiy2exYlyhv9jkOVrrCD5xd8EPr+YtyVi11ylYLVtyzMjQQXI8wxoFqhwulNHkSII12rtjuX2d4YOaf+C6TD53SUvtwZ5GtDHefG50qi22sGi9LwyJwT+wzAKVXzGn7FXHB5Fz6/0C42HI0nfFtC744PiQae6cK8fiWSS+UIlUGMrk7x+sAPXK3q7FQ/F7hRZinBypBvBVTSL+BxmV55MUgEsrm6NYCxH+fY7IRVmPgyvwmcPBGcputXk7oMZmy0yhjNKJVCfVfY2k6+YLG2KvqWIM3m5NDgexNsYh55YPZC4yYzfhXHE79FLgTBf6R+rJ5G5/HqjCAmF80Ug0u/Yu4cwjcv4xmWcC6EKjaABX4b22DSziQ8ETL+izgpKNXdPcVSEiA12D0BDukc1P2/xQcidUVerE4/xGCEJ6CPiCZ0FJBaF5aqyLsFaOQBZYL2d4yz2Ot7hqY8ewpg3ozh7rKMPxo2/gjRwpTc6njuTlpOyadSOEqe3KTs0qB9+p4s6dCjkirK0TFKpoB0xTQXvLx2YyPWQa0mSQGCvkUOO3jt9xp9avke3h0YGLrafDMwwWyLunEJAw6F6Eg20aRIx2L5++LLUzIeyppcTD6ld0EBx/wBDbRZIVN8Pm03dEG/3LdTaweoZIlxfg1J5pvLkU25rnsHsZEXo+uUvs3a2WIGHwwWBB+pPoBtw2HwsKZs467VbJlP5R2TwSAAKYX2fqqzBTyqfAeMlp9vHeFwoeQ3bZoByzaTmH3JM2AKgD5lUbH4o1zOWU8FDD2TtrSD4usGnIXKIWWAS96C8jk1Lgkttt9JiwvBzvqZgWrsfBATCXjYnmp6Jywfu9/DpC9XsIXpWs5hL7pCHjiCakR4ZFEGSoKgOQeZjGHNwvu901rRSIQtQi5bA9hIo+VX0KcfujhyrPINd5FdOXgoD/Cgn+w8XhiyOWopRbssfFSDIgybYWW4sUMV7jVnIWk2JdqUu72zOpbx0P1o+HZEGP3mnGR8xCZYicVnFDHtkkZ3vXMl1SBedTtekidKMdYGza3nYfkVEFptBzPqMcQj6sjjAxXxIkf2a8D6dJo1vqiBZia+gqUypaSU5LwMn9jDOfrIn5AbWtWyOxFrBBF0NBTPPZrQwjETmcuAuW6/6IILyorGqaBtPalyToCNGTHlbQbwjJooFeyEojkUQpNQC5HHW9gyQK75H0R8ZIQ7YWgFOsuOdNPRxRd6VTGiAjpGU6HJ18A7S+JORfd0q65/NBjZYDyP5uX+Bb3vWz4ugQiGstnHHjxLxpYAuLtyl8GZ+qa8y5l8PLY2cmqNviE5wFCHsoySCFpsAxGf8/BM3DwVNG5p7IbtqkXjZM+wIDurARc7szwcq1gL+nNmF2zvvXwMrpVJOR6ntJjIyNUoesFFutOl3r1qBBBKZj+TbDaGZ8jDK9UWAI8gLfKoCs9ML3ypTr/a/GoTMrGuMUH7biy2aCEKdCNnhwA2HMxPWKqmHdX/09xV9IeuU7VFyedZVBtGGAa1ewxq6vXbuVo79uIR6fXoGaSTBaju0ZTJzPSZglFOzSwKguEUv8zHoVUj1m8aKw3Ndl3LtrSZTKmylkePZxcR8kErNiWI69MbXnAeYzr/5ZB5znrt3L48nJwmmFoq/fep0qvkcNxObVwr6LJaiQ2esVLPMGbdyTGotd4Ckzac68zUQqUIrC3dpRZc/JOSOtl2HZ0t3X+uLuQNNsO05YyA91QtQQFU5FcfSBikHxUP8NclSslDOqZUgt20LE+CM7La/FTuuVPI834C+bEdUW2h/hmzh4T7nl/Ne7gxm84+gWeuJMvtdbJkZBcxwKTxMQKcXbJNBfwjeHlivFOeiThYgLckqk8ewKrPzG3KRt/WfW7SNS5Y9u/ew7a4FXGIZj5EbeSl9CoHTTzCf/CgNvt2jwTsdOxf1iENVcYCZVz5tQQbEb9wpsQfMWRr/TQ2zmnlW2CZ2ZMtKkB9EYLn4Xfz0JFvzN6jKFgK4t9ArSD4fJraqA5OzkOkPoE5UPDg0U/azQLL5w8oL9Zq8C4GA1u8y/Cs8Xeitwy+AGXTb+9UsqbtOUP7KWSUHtUdrVP+V+llQC19A+i1IuGD8ctxBgq2aj2u9QKXsqVEbMS4Dr5XHpB+8XBkWHa6fzOMhK78D5dlT7zGrhZEauioqNtu5eIM4eDlAAALTX0OiD6vs3QywPPlkh0wkqzj9iFBzVXMfYpg2XfJqGTbfZLMGcGNY6kGRw7Gqrqc0wsFICQ5VRx1+6c4Iqh0087zlDNM676y80EaHE1cJQ2yf/ZwTsK9rbUaNJfRrqM2QQtFCu//IHHAZ/WwUa5LAFa0uZSuYN4YvGfxr7oguGk1D4Ge+kKre1Kv6wFbXSp6zcJXBxcNdhj0nhGMn0Kkk5ySXEp+olRs7aoDCA1+L1gPELZknmoKCEXu4nuUW79HZ9J9YhooXa1uBcel37v6aycBgogmcPIp9OAFlpNpvuxdij5/M7p7dmcpcml0j/2ecVlW2rFHmrMgH5oNXcJboWc4Th3CLobjOo84fSWZspa+sp1HZ1rNAzDYoBF4AAB4gDCIX/tWrqxLT1ljIqd3RRogY1CwFWSExBFjZWjlbaKiskcHgVBU3yqsjES8PXyBM5wkxvGsgiqFrWtD1E5F6X9OVfzoLM6zGWJ/J9v3vWup5OHPOTn4XHVXVcI05BnK4XlGZlsCXWmG3amkfi0TN0tyH1byUQ7Nww4okzMTKe1brCpXX16nsouKqNQgAByM6F8oeUhBI+R/boxCrr1m7aic/ix3u8L4RevNVzQ+rUXlJQ3xNC+QgLZw3M4OUs8c8sqop0tlOnqEX67eSS+Mt7FyxawaWlCMJeHd+0e1HfrWNP06aVLdSO1fQEtYRwpHYZ/Va/YxLvPjJGsEDvZllSrq49OdFASbjhXwktmwZXm5Sr0WZMZEhM8fVzig7FH08PPgRPvp8ihJf1BNYB1aTMNuuO4+hNigpqPouHmmwcYdQDIDO6uaRfwUVXgQ3fLlxm5T8opV7X+ZcVPZDJ5sPzKSDJ8mUEWrx++XusB4e4XFt80JxZASTSDcZD959hlFiVXRtl27xC7d7o+uas61P4+nH8zkVovk2RJjoVl41HrcXPFhIUSqm2Ivc0qlfKKPCaC9Z/UvX87TFcTOCZfZWR6nuzmjY0bPZZLOITzgT/U1R8azjiS9U8mI8wEfT35rjrkM5w+d/3djhvkO/He6YiKstoAG4Dd5U3isPbC/hse9kyhYHDFRnsNtVUCwK5f51gNJZNMqpPL4YH6edcP8p7vqtNhcyxNS5OWJ+yAjn+a3TfGyPoXhG8fAQjMbVUFV3qU9rkgi51BGV+gavN5xc1jREiGl1u/49R8dIYuMa4VfwwzPDqpPf7vGadaRGlI+A87zJIFQlgXDUR0u0YZXvEJ/Qo8osaCmIUgvlay1Xo6MbzgjJd/xnRj0UQrPDoywwrvvn2YUrutydUuNqt4z3Qn6wm3QCd+Lzp7Dy18ple/KSHtZmQ3WGH0GBQxEiLRspHI/8jIFgwlKIt7wfpqdM0HZjMpj6fEp+s49bqqJuCB/0hRTu9n1wlmN34fE/eSGl96x8KEv7gUetMSfxKtuPIage2beWaetGYgsUiNIDNG0zlzl98PEARp00K25uTBl+GtPQdM4oSo10SBtfinSgyQaxKhIRVXJCDjwAXb7jlLFufT/OkQv4ocea2ZRnJ17L2PNYUnCEUtmcFj+GNbef5F3SQXWbavkURujZES/ZI+4RFEMVQbbYa+nSo7L2QDkUwVbrxf6Wbj28rkY2V/MLoYEENyO+epgyV0CBAOH/h7/aZ9G8IvnRPi4lJMGEeKNV6qdEfpwo9x3E6s84YxvID1keHuIMQ597ZxGC6Ta5HsDXxWvXApTvLBQlNq8a1kvDlNY8OMwaTL8qx0RimCfnat4GNTT9WukRt+O6PoVGjXl/N1gCeTKIXW/uKeifD0kZxiB3VUhx0JuHun5OUFO38YDkIppKW5u90qao2duSefqqavPDHbOBW+aW9KEYU8hwGH1BMCy45XCQ219v8xri4nvZfBlR9oPtCDSuzZA5LggxFSTpaTPdhbMVw4Rxdh47IE1oCcXrBcbLCN/3qL8kiUG4Or//ppxBFnaKgL/810e6ZLKmTqIib8YPm6uFclLFLNHGZjisG475UHfhg4nRFHPnOgaM8aW9vIQlASDbJz7Y28MRCIlRIvUmu79BwccbrSrFQ7nuBbJlx7r/gmrxTY3lQ7rd3d+CRLhAWNIMo8ZkBaqTM9woptNWD0J6WjB8lE7ERz/f+DkaXW57wZkyibMZWW4S595FyOeR9tDSqiMSu/KDzVWfL+OjrrAB8zEi3v14gdX4hcDLrtvm3W5OqXG1W8Z7oT9YTboBO/CuMKUalulGzBeR2u6EQ2g5xgl9nbyyKNWBQZBB7oWP1ND/IACNK0Ay13YKGMZdl/MzggniJcD/K2gQgqdSwZHPsKBuu6V0c23WYWxDy6usgk9VsDsJuRWhJ24hD7Lj4Bc9qjCkjTpoVtzcmDL8Naeg6ZxQlRrokDa/FOlBkg1iVCQiquS6bpJmySY6YUT6uPTTf9XwHmwXRcuzQntm/xn04t5o8YJV8cq/YmIRNesF+fspTGg9m0a/q2PRqYwRh7DdYfUwlZWFLw+vZoR1DgbHuI4giVw9al4OPrXx2R0d686XH6WKKIDWUKiNImaKHJ5cSiCRA5imrkl7Pmj/zHAgE6fPiuxWIrYu7un/eBpEvB0q69+Es/csyXPQMc6zlKPmSqR3XMSIWx1966UCkh5Y4SnnYaXZkhfCbOur0xAuGAAAAAAAEl4c0cNpBlWQ1YZHmgNYAAEHmZAxoKgHYe07U6KrjkAAAAAAAAw/t0JcVCaDyfsmf81i8MTg/+h96bpXuFjF5ei7BDsZsXyrKYev4i0w4wRRqcISV+GI7L9xbK5sWIDKR1DdbD1n1ojQPDQIl5HZ357HHDheMnirrHU/0f0/hjJ8He1/OrHmOAzuuMmK+2VTwyxAsbJ26TaE/rUv87kzS0ztGrzMvTv04avrAZL8ndcMQEe6BprqS3iU98+AOyQJdVK2xYMsMHNYzkcPQZyj2zrT4ANDdbw7AIR/pwSPs5iuYDfNRk1iFuFmNOZ0rduruJNa75q/HAOPeQg3okseXXMTFz47kPFSSqcaoDnEiBDUtpS1v4hAlXqKXLEH0dW0QaAn/5VJh9zFWZo/Wr7yuYrqHWEHLiaFxBjZsWRBvjkWhl7XeeRgGfbhlZ/zIvNJ9cstIRw0wSwUCZSveUYJRtc2JhHQui9cG9zHPaHMfKSFsqWJwF/MmOukMIsqvAwU4Yh77drlJ6Cg3WBmOdals9TKJqUJV5P5+BVdEXZNTOOIl+sm9ab8gT3TFtKdmQO9Aef55eGlR+U9r/tWrqxICs/xyb6SEIL45y9GfIbxPazOTUnKJVTe8u/ksaLQ4M3qkNGW+ScwItmcIvztxx/sOB+l2TvF2zAgQlZBP/+OTfSQhBfD9QjXxQv+/vyVnbFVu5/1+dVMO7oioRQNHRZRa8WdYOSrTB8o9Klb5ecWGPgyYb70uRVNT/45N9JCEF8c5ejPkN4ntZnJqTlEqpveXfyWNFocGb1SGjLfJOYEWzOEX5244/2HA/S7J3i7ZgQISsgwHRGF4Y1OBe7ztlKblvY32kEKzyECzPenUyFHTV2M3DMn0VyhMrI9lLZvNMHtL/1aNqE9Z9mUOyZuiWehiP0upo8F7s0hBX6XTJbaJaOwxBlKZDws9SG9v4qA1dewhib/Wr7yuYp8wGPYMwOquwxiQatIQz4LBftrsGDBfZWPK9suFowe1lHx71URGhFNkKPWG8K/2Y9asS3SyAnh1bjsluhVHJzYWU/T3uIeTVxfLhCM3PzSr6QtD4uq6/WlDhzO4HbOzFo01i6QWBVnucQFCotmYw43uADefYWno7DyaslPKFcBXD2O5OGPwOg//DDEwzeNs2c9iIiuBe0hh6lAw+1ndh4CAtOMQGfPgr816zuam1NHQ2YI8n350G4mK3CCSGdJcYXnk2E90+MJ/UBndrYC98KBgC41MduscB5+pYcaZwKT8wWDFa2vJlYM1mbJkhfEQ+ostEYJe7VjR+1DDnXORqK86VRPA6ZXsdTbajNg3CaOHwB8B03BrdMFaHUi6aiVtyNWFzln6yKjPMkRZIYHi0V/thzFdPA7tfbD4eU1Ua1AGaGAzQz5KuAezgdekq320A/33Z7BwiDFnj1OJN3Ri9fRh/BAcb+ERF/1+9rtPtoAMKlWrSHuWPbjLrQJPE3P4Btimfwu6Hf85pMTOgQxRDJvxuHqpUmWB1RjMRGf4zM+q8CJS0UFTGS+u+8ES9VOEq2sxEKupW4aop1+4L1FKKPTax13Ykv4BcK2LtCbx2Jq8M8DyNx6HEmNuRIGsdd7TXxEMt3MNEo6cCT4wRVkAuT+JWdbdzcSVZixZP8fwAAAdCQxQuOxMI9SYqP3rIz0qXR3G5q71oLIZp3P0hG+N4XsgvLHYvE6wpSBfBdFCG7p3GHDkVFGPxFVKzG+UXGvJ9r0xP4qddrgpMsh5XCPND/y+BTHKZWetHCnfH2bMCIwDX2H4BPdY0ZWkqFhW1T9STgFmYeh4RLd09ly+bo2pSrWKMlZdFiEdeLUM1gLSvBV+whaB8Bhe2GkjATHQH0l4v1n4HaKzTYWW1xbzwxrluXsPzUO3UiKm6FLrqIgx/tn3Eira1BqfyjmVeEZ444BIwtrSK1WrvZ4TsSSfi37tNEIlBh7gghQuKrtC039rFodLbnAEYFRpm0GcDwV1qF945ukwpn+AhZ4UAqT7V1xskJ/CXvQR0A0RL0+rhLHL2D0cgXdTYW126T+gl8+P+ugkbo0cXQ28Zb9r0fRFDUS4WUM9ucZZOzrReT8S+NVi96uf/ksk4rLDPexUiMtyf2CB080b/jxVKWElE2uqAImlxAg52KBzglIMJT7JXT5ukIxDRcfsz6pt23GS07YaegnjjZ3Ms1beQ+jp5BUmWwb7U27E9acoonbuBQwYm1h+za0gmD25NQQ4JTN15aXt2NxfE+LwjuDkoVJqZFFUcpshTIREbSl6DTOc3m1smSYA72F3CSba32WV5Tz5gzWbDo9BCY47Q/QnoYGCtrTKUiygWDoGBql7uqO4Ks1C4GSdPFJJFZk0Ed26GKKDN6WZOwmBPVyd6S9AMDsDlezAlPP+RFe0xcUC+L0c9Ldk00dH9Rg5m5rzIQmSde1NvK2waGNcaJXahO73o3Wybd854lrKpaS4SzfKCDNJeJBfSFimFDPHWE7Ojsea9j4SOdHzlBXxl56Sn76Ja9tjsUhPlUgw/obzP/PnzmPPjOQE9is/w+e8KfbWJnEsMbiSEaoRdLjToBBWk8aXLezK34J+Gl81OvEG/pxkIvJYXAdiwm19gIRlqth9DtsxtDReJKr7jh48mMYbp+4ajvNTshdPVw3VO/SPV13zLWTTUpY4gbgoUeZArCjNk9qQInwdWeCUIa3ULhoGVZFbctJCYNxMW0gYKqXPDGCkPhRvdDxErVfojeumGkI+GCrPwf9/Urd/bfeagdi3mB5n6s61fTTIVcd5s3RVywTMn0RR6ncDgBURgma+uXGlnlxrVWOACgPUA7YZQNApE/V6Fk8yG/1zNMYAhfrv5d3r/8bd9TRp0x3114v7gJo/Anqpw+SpRiFRxYVjfirQo51yZx8YUJzmC1zGfxuL3aR8Q+Uxknzn1hIgjfyoH9LKxjknycnDfXBBGSQ1DfM/f2doE3QPJkd9AG1tHSOcjcza4DH9QFEtC2lTizQAHrEtHrxc6a/9uf4lPwWWUUo1jtdL+zoSRdl46WrcFlVQg5YLUjdStEigGLNknhxTLVDUgpEMAmH34a03Qlq+/KLrFjb9p8H7mHgoZk4CAqD3qL5xmBE51qeg8CAoXTHzZ+BPI212AtA5BsPRmiGS25hLJQAsLw7hAo9dpq7QUF+tTleDC0ohwuThWQLR6BnKX820vA1d4XugUkB/P0yFFkxoGmtseCD3YXJAjv8xJVXh7HqCcV/pFk8ft4AF7I0U8WgIhsxPSl3GbGQlL+CT+eb4HIchvWyTT6AwgJFJkcEtQJqLavbcYETQh18FU0rto8yg4iogI7OKbOtG3sxxy0epWEHG4768FvBL18cewJPUjBOjrf4caY/QQ+BcsjLe/9HfWm/PpNyPo/sJndpIC/mdyo2ztvehUJ08a1ahZ9umndNonDsqZb3/oVvU4vsJJrWdkR38enOp7GDsZi2aokABQXrPmnulZ9umndNonDsqZb3/o760359JuR9H9hM7tJAX8zuVG2dt70PD5qZQdWNk2KQaxmcmXTp3kmUnvY/9e8b8B+DwJWTV2+O4BXeogJ5MwPxrTFJmS5NM0316HN4tH0+j7PxrMShQtmAdNhEfyneMzMqXJEICusHRIClhL/nYYTQOuFw4CnrD+PGUKyxME18AAAACC8nbzzH0xFbabuWc2fesAAAA8zv8LrhGa2IRqTMTGioAAAAAABq/mrJk9gB3AMvKZlRC7fQhx3jmlXbTaNjL2qL6qDNKpZoV+0rDdRUggql5EgTP7N7qD0KnWonGFkiO71/g1IrMQMw8eyhVqQfDXMjcBmL/NN5SJ7jlANY4VzHcOwJySjH6uZNnGNPTLMqR9+VM5B0vZcKlZDiHe2H9DhEoGPT2vPZSiHvLI1f9NtxnkaiZVTq6SaDUJxKmbcmrL2PmS8+u2ERnvS3z7nCX0RQBGy5v0kbPZjBtYNHE4VUcfT9pC9KvNkNvvLYSLaprShRk1SpJIUqAirL5fT+T45YYVyQEzh1/YhvRQOMsjr5lcd3hkUCUg/IEGWOtnU7D+mnapR+jln0prhTiuiQPU+bmavLl5fPnQmdyp55V7Ct9f+asmT2AHcAy8pmVELt9CHHeOaVdtNo2MvaovqoMuAPOdu/DgDp/25sULaML9ISFo2zGwQEbdcLJEd3r/BqRWbW61LHfefQWVaD0RJ97NJEe9y7lFfW0UvpLnzf7LwQzBTBemA5gogbh9s4725slkEwVTV5TtPvP8n1x94PkrukYTtwGWMDpL4wA4GhGIbBZlJwyX86tM4AWM7B7A5G1tpttrmkp2MaoN/GiCIYpxgzUY2vcHTuRAkUbgg1MjCmZWWJ1mCjoi136QVNBZoQH7NbGAj+98ZxVD4r4RnTA65o2LSWQG+1ZwFdc7msLglL+mJl1+fgLymraYaSZC8yaAjQ3xvDSsOd3pDqTdikHklZC7CiedKj6eyFVqYV2czyzWobdW55c3z/rL0KAKE0LfDuG9kJG2+Xf27jyaYMC4nnJOlh2lPVG09bSaXPOsuh10YyDlw9U9sI6jQHw68MRYuVAdCE6p5bbnjfna4nNQGkdlmWaFn3WB53C4WPUGiuFeKojZYVQJxzsho9Y5pa9XHU4kgWHX47LiO6EKZXZt/DJfF8a8Fg5CNmdR0o6BW1vPE91iryw/hxs70x1gNMFzXhCJSLCzc9XFgzTGcF/BtNX37WrpbbsjSu90zxEiCgIUq+TQ0EYKnnNpT+k3UHj9BeVicm92agRCm1XfUNIBHkfPup9V6DD5RoKbZIX9Hrc0W0yjn0shNiLsk1oYZs+FOQQ0bi7K2L/qxcd2bfbK5r4c/8uAxfmbpPuASURbxkFoFFsOZvwdFrysqSmIZdr19y2atPQyrclpSNqg7jM9Qc3IlRcHt2AhYSLS1gCgk9Qoe4HBq1NnlZUYQsRZm7CpFIZCV/MM+ZzidcYZD8HT6zMMHsD66/Fe7bxX1l+cjY3Rc5iAy5NIYKvJVvlPxVHdpxOJplVTdJLmsvzpzNuytFi43D7Zwq/k2BvMN3hOdhHZndIYqVr33q4Ny1a9+hgam836/OKjC/l/HDbaHm0yUC53Dx9mrxxGygYsY+3SqZOgClpX0XK7v3xtbd4ICQcKXSAbH+P8GDAoeFHq/DMvd2tOL9cAgUdDOBckLoNDaLeBVqimECdQl6+iCDQ1N7TvhWKDhAspoRu/GKZTyI72g3DJXG//WNurVnmOzyda8Sn0+H1g50adxtMURVjUe6c4cohbkkwk5Lleu5u+cLhjzHS5QADEtoSeij4J3W6josy4zfnMrg8e77oeIQZtHLGCjvvW55I/bDIEkKIkPTbDIMD6ucvqCm/mneY3gu34O4k1GEapQ8xeOhYPTy+GB+nnXmI8VqC+FtFSTLREJ+XBqIgvhKVf5KoomDefyGHIe+K1/dvg1cqps3s2wGOpejiGzDwHhUmptM4tsfwsm5HM1Xmbej3DdBq3bY8EIawzf8q31QPQy/tu6hJLMsQPErIX3XjC5EqjoKubu94CpEgLXuliIDwETUib0yfgv488pkG/aQXB2PGI9aYc9m+4+oy0b9CZUiyHFvP4KXaowPulb2UyTE40kgfWKgnwP8PH3TgZA3LqlGJ0zuA4Cg7O60BAfouWjsuO9HHcuODzP81oBL/x60J1zowWvmQve7U3aFiD2stKKAQgK0+Lc5pnkYPfl7cRDFwAjq4vx9Tn6srB/ffRRWFgWanOVrfyjSH+XCff/GyRNI1D9Vmz52t04ZVdDQAAp2DhX3N5tJcWWxfPjS3iiIuKs2fK0AI2c/W6yJbflqT1iEAFfcWT2BQAj36SnyhAFFVYI+CsLobXbeXiIgpJRgI4NAZ/4Bwlyb399NshfCX3ocSTF7MtohDomwAXSB50Lefls8wX1/9RvkRmBc9hRiGxRXQ/GG27Wn409yXmXBFMSjCrwJCQiV8MZS7fW3izSzRT65AZrjb2CGjFJaLxoY0jTewV/NIGDBtwZjtmZp/QdyTCUTkZuhZTvqH8KZFXHqp9Z8BW4dk7L0Bo2mN7zuhV7gTsrAnIf1O8sqQPmrEWWTBAw8l536vROdgv5TTdKLOlnyp+N3jDlo40Ylop3kfZ/+RWQnkCd7svzQVXFHEZp4v9JjK0/6dv3A+IuTXOrtMyxREJ6HemgKhurMSz4c/8PwVMwpo2QH6femVPxJ8LRVxLxJ0NQZTTn5z/lXZWHyHuRrymRtdddUR287bBLmlm8oUJ3op/chXymmUH2a2O6b2KTaBTEuc3to3mXOjlykfwr9J9OShf2v7uWi8bGHXDQJqihZ77qcG7oIFdM5NDlrd1cK0RIpI20IO21/F3j11rn0UplE8u9CugUTW1VYdOOpJmL7Lka+lvQVRUYc7klxrlMGyLBi5RhXg0UIqN6z+3PB4FgpqaxO34pWgI+Q+l706uzrDaDltZwaHlh5sDUbLrbyFX8toCFsQBvqkT33muNfrEr27n+RBwSyrxRZ42j4G463AlvkPotjwxdrvvvfqk4qvdlIc9DjDjHB3834heb3ejcpDVA9yD8J0kLW2seI4OcmnZDoAwfB/7WwMbArEu8QAWOAygvJA8y+g6o2IRiUTppv0fanwT60TWpe651+3ABtY/756YaXFf82WHa8E8IC1hEtMkJ0lMld+o23rMfdL9Ort7ASrWBU4aDIO1OBEe3wCpcfAvgNF7bPEkv7a3X4WtKW6swzoVOfUSnilCN2C9u1wi0C1bFmgv3ijw0tIu2XRBpB2W5bRIXfpot9iqziSdAUGFpyA6+TYvWJQZYJ2b+gCTPjbg6XwG8MgeMYJfOQDVUsro3xzH7m/gqb2+1mERmzWmJ8t7uusE2pHLw65O31QY4fyM8bGldJTH1YfmhBleNMvfAfjAdT6yFBJksiJ2b6WJJYPZdCMKSZsZD9mdKlc0tYtJUYXZfbLnWLjkmL0HxBW0uUkoRWHvrzuMx/g2Sa9z0ifpOYh5MK4pUDEOu7G/o1fiIpa15VUluT+Yi86WJI4d09YL6SP7OABXNbQj2Y3WxfbknHMRndXll4om+Ti7ZhaTLtz/4pFyAgv4FpChv0oPDxOcXJckd4F21OYIbp5GTXIa4HkjZ7jYvkx6RCGvlGW8l1dGABJS2Z66IO2DDJipta85wa4Nede6+5xLXRAlkaLJvfV0skAZ0AUVk6fhuaf5AdWeXKWZuzqvEGRrfrHt7BFxNGDScHq4gLqgdMtcn2qpxhLEksHsuhGFJM2MoKlJRSIAeDJwRbge+vO4zH+DZJr3PSJ+k4S+MZxG88FB0RBadZAJayplcpiBCz8fdFDh+DtBqftQWVGuRGGiFaslZbIsv83k+4aWL3qL+7x9MH54n/JPxHH/nmpE5r17Sh1KTgziN5XqvW5eI/Jfv+PndVMCBF7gxZvceJQx4Ld4UwMQAEABQjO7QiJG30R0KEijvMmzOf7VOnvUhzJ+AoqT3DPj+xw/NfRZ8QzAtk/s4czjULbecjPs/OlCuthgQq+FyvM39hKBUmZEQU/+wInkOSw44bMp1xC9nBR76hEIkQC6pLUG9ZFFgmcHFtEJn3Sm32s0VIN3bD6heUa8+7aS2VEchImJ9Y98AbSa+c43C82BERAdDNUl5plEnQTZ21DFwvnR5NKpSLq0wlZ57Rhyl1GRD1Ce0s6PXafP0a6fMlrDtUxyVj1gOHjK4Fn15gcffcNRTcSqtHaa4s+LmAVJedHG1Dj0iKKp32RtBSFr5/krW5JcyJ3ehm3QktXaSKteTY9vo8t9N95AMk44Pu2mQHW78m35BSivB7ovUS694Uv3uYEt1ufLzjouzhaA+4iYWWyCMYrMxKMIGwL4UKOQlikikhAAAckMzVtfjrG9UfoFz+SYq95TCnBebrv/0Px3x53vyJRhp8zt4i2IuP2rmX8j6O259BBtGb0Ur/eO+YQqLwiXqsbo12w8tVwTEHr33qHkckWWCzGhyoVpWo/TuWS52NpvIsOIbnH3NM8KWjAXW35q61bBfmGlRs709x5EYy1kwAACSFK5Ku9yZJwpmnlQHodJ/mhDS9q2MJM2GDeZms8y4kV//ST2qkqDbpEeayJvqOxpq/3TGUnHRSbCgF5y9TOQ+rlGGPaamlmO0KxTPLfG3t53h1H8SDK52mjLtYO5GQ6oS0zbB0MIbqp8+r1VxkZO4Fj5QyfwonR6x7iLMzYgAZSl0gh0FPmPJBoIGNzy9gBd9I5KX+OdT8wXhTGvsSUKe2ycSSSJd1S4z+OLj2PjY5Jq45qhHgCmc4a4/TjdISFdjASe4LYkLDP9P7ZcrpnNus99lln+IXMN/ICx5GK2io8AvSIuFp0s4+FASJDGoRI5FV38oGO81qmiZt3TzM5Rc+lShS0Ibv9DwuCMBgS73CExJXTM7BculEoQ0HeTrgIvS2tZR9iKb6qWPrl6woTJhVcenVRbuTV2ReyapJVhuIsOjEP/O2aSFitQPeSgceknWfpPdDJk4olRCvZwHDCIqFs2vC/IOLkv7q1hGJoD+bjASmt2GbldKWhGwAQdrkGyMmSE3AJPiOn4kXs87RPUmqRn2gzX8qQsIdn4iJx5tM54O8fQytQ5rlsCSTPze+hrDZ+UkXeuM5WqxvitioStJShOA4cMvifLH3QPa2PjaeyfunH5eSjmNGOzWWPyT9MuXMQY1CCC9376ZUPeBb+QB49JiDjBBbka0KNdn2NmmP7ojaamRWrR7Y5Mdtf4D998cPErkOZ/cMP8R1bS1bXiReRRfWSz439ukDc8leEb6hRTceZSfZhl4FPaBbCck5M9sr49VMuXJpF92SCBZ5z7HABd+BsJn0d7vdLW6WZzwnMcC5Pa3EBMP9Xcoy69WDU3GpGen1a0hkUas6/SirL0ntafIJ+03X6grtCfOXcMa3IOwJcrCuqkInHxVWtk0TwSWb2PLLPz3Nydp2vBpqFNvk5u+AvE6M6HM6Fz000GDNVrdFrXV29MIM98yrNUC2SFoFhhhkHcPfnYz7xKfnLo/shhlKxFVToIxEo6IlZdHpcZUFZzZ/JwxrdZNk70Scn3Sz/NrtnEgWYdXWzD0976//ii2jNe8d35L+f6u5Rl16sGpuNSM9Pq1pDIo1Z1+lFWXpPa0+QT9puv1BXaE+cu4Y1uQdgS5WFdVIROPiqtbJongks3seWWfnubk7TteDTUKbfJzd8AJ2iDdPH4Nsh1OmwjcYK2B0zSWhI8mAlzIBeSnAXubSUJHM0YU3ExJTZJe7q4NxTrV7oTSxyqmNCtrllmEyOghSRQqwN0LcIZPOfoPIdgkcKj70gciiGRLgnUY++WFZmCqJ+DnwUG0LZynG0ARNX2qZ8y/ILSanDu8zVxF3wQqzd/uLpm7Z7sQTMH2b9Co/ByE1QvVl4X6DsM8n8xhuuK3XQ4Il1Kt07O0nyGcgZSVRIG2NsrD14NcDEPF3UncRTuuKC885DheWuyDGwnvAkUrf+XSEOU8sSw0FsFjkP5nXFyJFmk6k0p6qzA97at175SPIXiTfE247eYmN8FN9h9wGua1JA1QLCWvZEkpwMfH09IjmnR1wn9ovHrI+4iNUrAAITJlD16MSp4KQFlT0ym03j7ljAgfR/qEeGWYvr45BK7cmJgRV4n9Be1vEkzmV1UsZqFmWK/q49CZeu1zGLlG2HJrKiOr0LjB8+ZgMKDdFYlsShiCpdVwNDGRKgAAAAAAABePw4LVgodEWDzM/iS5zW8XHRKdC5NhgBkErfsXLlIxAAACVOgmVLuegPiRvWNQm75ymkfZeqtwu+AAAAAAALb5pjW67JxBW7ZZT0OvD9sDM8z/dz+r++t/QHfcE1lCBJSJdXnnNYPhS0Yoz1v+xzcVDupTG1gE6eGRprnTlmclOXQ2MdnPCMuuW0NzKLoFbrf7xtTDmHWerqadR4AgNKaBOARqoWpqcxgbivx2Xxaqq8eedwLvRDB6P7Im1IiOWvOznNYYL3Fl/DAw8dyIElDvUYHkDUiD+gtAjAzGoZ32N4yXz+W++7Mnm1/Ys6RHLtTZsf4+S1C0X2mdc4Tu80FBm2bhw2uVWrIrF2PWjmyDcQp0583DRAz/Mrw4h9pr3Lw2qnKbiZJkm7/VGNAYbFMFFD4EQaGbFeUYCKkjNnxH+rGgIB/Z31XMmdte/7Bq9hW2ecXBAVdcdQ3O1BwlSEZIrI+jP8xFX+A5xQiPxKJ7r7eRKasRR7Xk6szn+Bbyq7pCI/L/6+MuwQtCsoUeMivczb3Q3VWQ31Yy/Ux+nP/SRrRujCq19mVbdJ8TLCrbT/OTIOxekKL+vy62SsWuuUrBatuWZkZPbhJ1LxP3sm13jxh8WGG4O5fZ3hg5p/4LpMPndJS+3Bnka0Md58bnXQQHH/AENtFkhUPjcgBSu2lyeGgUFth1OWvg2lDGNoobsCGuI+jQs4XhP1r7Dzlvgl5DbBwtfPIuYh/RMJVvyHA3kw85h0pxYVDrnqP1mwlHEIilPOxe/lWcrNsdz/Cbk1p7drHIqYBP2qKqzu67pvr/X8VvocENdqmcTOJr4fpfHY+WYDQI+vDkC5A2qZ5n2ngb17HhRvfgvrWNtxu8NWxUHikA9xxoba9V8/8elAhhcbpPjRfHP+asmT2AHcAy8pmVELt9CGhpw0gye5mc53jtAmMGBgJP7+xn//aIJ5Z/HuDvuPKVuh4GsCUhFxgHcPsO4chMKXYfZ7rZV3n05ry8h6zKE70VQfIvHLjonsjPEgwPWqxy1yJEqrUCwFyeC23K8338pDo5zsOVKT4MRtiVg/vvoorCwLNTnK6npMaTbKGQuS418dOLk3WGiPQG9H1eIgd/RAfMW8JeVdmGQhbncAyGjEeOcM+m5yRPVa6cQ3ylnROOGvyB5Gp4G2HFBE+iu/yDxb0dThKvh3OLpUD2d/9k5BmjDGAAkeB/KOPT8d12U4QF/Pfss6LvVv3cFbbE5X5GQni0EsyNydGA/wl+/9r6JPP4DqtdPDCqSi0akmXxqL6iXtwWvHIEjCe9gWRuFQS8gak3CeLv95G0XZQq1IPhrmRuAzF/mm8pE9xygGscK5juHYE5JRj9XMmzjGnplkpO4wY6r+1Y2e8ZV1p8wKy0blymZJasAlSdNUf99z7Rb/IanvsAreGLySy1S5RpHUmqvns1GQnTuK+TSFpP0E5kFAXbREpB8PmW5Tf5BsYxqr63xLCGAG3naArof6E0jyn9bwKtUUwgTqEvX0QQaGpvad8KxP5ZJkPh9uMitRlicdAwrRQ5AV7uebT/HDtUIjtIeDLreZ434++riV/Lq1wxavqfHQemkSOzyda8Sn0+H1g50adxtMURVjUe6c4cohbkkwk5Lleu5u+cLhjzHSpj7D1qM41AhuIJGoYGpVrr0l/H/lA5E5+JKkROakWc6HJhT0joAtEPJtTxGNb4fMfcvKwBGzGBFt4fbHHRTXpXZLg8CdlqqlKnmTiRkJ5ZMuoxKSX4ll+jOpiyv+GiQdUVGRIipsZ8x0R6jJlfOceIJ5UcBszPs4o8x1i/yTVlcv6zlI/ibrFARZDLWRlWy6AGkHvDTwB5YZfPgRDP8HBAfWO6L39ZoMqFVNbig768KsynF2phSMeWArpoL3RBjzyCWcIM7mSG2ob7btOWUKjeDoEfIpJU5qVolOI0LPvn3FBq+V3FhPKobzIjQGF1mjZyRHzD7R2cG4wsuuvBFtA+EtnaIQo9G+VnV/3g8UhW2OMhm+lSYABdYPLL4/x2wZ/PRAmLA2K4/BQ8Zo9RLWhGsO9EO+BdmxYjN7szHEQ76+WZ6fDrcQT1UvKqVjOVjCGPe6eKFabjvfyI+mZEiQqQi2jwkjpy6i+RWoqnsE4CGBs4lS66ulX2SliOhDGRVt7TNXXuXZEDuyA5lyub3a37g/UcSYJSUj3lvplEvULqDL3DoViejxEsI2KJAiVIIZfJdc1vkNIB5+NHRMAzggzaeq/tWNnvGVdafJ4UX3DKqgnOxJ8+hicpjljLdsIOzFJuWbWT2uhUZe73/ucaTddzV8iVm/M0rjVM7IPQyoh7s4T3JLxHuuPa+fTNpSfHOA+pqJLQ5zXddw8JryeAy8zuviPT/Q021J5gT90tAxl8FxuTucf+DAiK4kJiizTQnhisqP6WvR34j2589SqEad9P8Ojz+wan6U/uhBMRQjQQXpYHjAs8x51/kYim/WHuRgMZi+bDYpR3Hf0rFYXQzXYQ5bccgE7icIIMJ/PZAeajXNX1qPUYMSjULX0gPQ95g6rpfOPAZreuIW3MqYhzCX7PrY2q7AwHG/iXlqTxJB2NN+rXLsMKGKANsvlDvt7oAG4vnbb8Za/efaDYZVR8BsjoR5CAt6ogB0WTYYzs/fH6NoZsdqhOpW5u38wz5nNI0ifuJUf3uWpFQxdGpNstvnzxF2AOj4Z2D5eJH6VIZNEnR5cLu2tTdd8pWQWWutsaZU/B75DAUF17I0R4OPOpFA5iwEjSfPdYiCVh2q20zHeIzSSH67xER2xXCLRY7nSwgh1+QhvTvG6QkLEPbr0g8kYY4tvxIb30a8zulavnO0P9KChW9UBTgAe9YYO5jzW11m2lmi2psR7s7ru3Dm8eIRtSN+Uc9X2WGjMYqEINxghpcHQnapLh7TKRine/DwP62cESmPV8OmPF2DCEIk0e0XkkEyT+IQI2mH0bzom0udHeD1WLBOAlD0oqSyWfTzhzhFSQsk2QZo6JAJXDNTx35Y7ojMaAyvyrkiAT3jKUKzc3dY2uGndyPbrMNUtJ/aDi5YhvQWnPkEzMQEVAKRqJI1vlGaYwfXuEZ5qG4ehdCNIbX5RUxAeyphptpyfnNfrWTHe83CoxFg8GPvuyzzzSx14S7XrK9LVQYySedS2ZaGB1HzVzgvnPUvj5TJoOmRGIYOHKASlG/ed/Svd2JbfwE65dnKmcxe6927i5yEyFHGk+jJB8UpLUZqTeaIVtRzMQrkOaoc5aE7z2ZYOn9paCH9oQ/tYUl1zoOPR4h13xvOaHdgMrXAoXQ+0M8+kMLdqih+gxTPsxwStlpG1bACkmVVgCS5C173sRA5osxaAYT7uoIiNIjhHZyTSEqnhdQqCyZeStFWxghDQ0wseNHjApE68v26gfWz0kG0ngJogLg+Vp7vRS9cNwXQPmY1J/N0vH9/cQBUWjwcyMX+r+uiM0ZV4sDO/1OY9ztRopsT2+kxNojbyiSALIz5zSNUe1zdGQGPwPhE/U8ZYowLLMXEI/zhsUAi8AABUAC4CL/tWrqxK2GmRwhjtoThFAgaM78TwRDQCj/Q1S9oHYGn3/OFRIxCzfUg0Sb0B/3OaREZyeoXxwrtZDZBQpMxl7G8OY3eHoU+UPZPC4eSvmYhPk3LZo+FJdos8VRdO3Fe9zuHuHzpW68aJQBkiKyrsrpqFBB8Hzfuy9hOnYV1DNMdO4V2OolRbX89nWLymfM1PqLXhYUEKqgqVXnmzTgRTTb0FR85bJUfqSfG6T8LeQQI6sMJ4PrTl7tJiwW0cZS+dKnJgILG7xvIXc8zahAt8LOiyOuT6SGluZ84+zORjysXRyD1zK6Wm5LpYs0U7Yj5cQu6TWFhhmUzkt7xg0RCMm/0XAKDzeCqFGHIJZrMlL2tj8M71MtGQ0Yjqa3PohdF2lferTuq7iOYg+ZxJ7MAnL2mjOlxsEVPV/6w3aZKD5IhdNO5OKmyqbKzq/9B58cJeqR9M7T9Susc+nlX6GaoJ3Go8zwTksLwbGqe0XGCEYFVMJL2fPDyH3xZ3tA+FSF8Bei9sCruH79Q3DtXIsc5Iqf4FMDytE+nxd5hZlwWpMM3DPExEXLzCU1YcHDJPtUUXXsdHKe0wCve+vyGGKKcR8nSNf5Jox+zdQ74h7/yfbAsB8kvcSdlB9US4LnyGnaNZIqP9ZDVaV0RSJNX94+JrF1wAgQbrWgdBCkihVgboW4Qyec/RFq4mKtApiGhJP7u2FXZ0U+0Dzir08wSUmbCFlimhGVpfedWqpv68VpSoazf4ZjQjDsngdxu2Li0gxaE/4Xlivm1f0AdLeZPG3oqv5LSs1fsqzb0l6Gisl64Yz8RWPVkkR0zn5sJR4s/xsMSiUl/eVrLVejqvaQhvthje9bs/ExIsCjUybgCUA2QlpAIFpoAjDWmZRIp4vcl+r809+mt7gbpaR18UePOkZVPVvzt7O2ZInwi/OQMJbTTQVykkT+zlMQgE3/RtGIni5eNAc8am7U3MGbcUWiFEjhIWkESwLjOmyFsK7T87wN2OQIsM8csry4AGJMtNG789RJuw+22liDEHLXq7FLJV8vDfTwGQ419PcuMlzU8U6eckkR4RoyoYmXhh0CRLLTo+t4cegMYcMtnVfrdpuMH+hsQ2nnplJRHDTh/snerWnndPNO9d5BK15Vl2nqCdTWCL4v+SC29KE97Mg+Ab01RWEwLpV2YDXXPmlaOgpOex02JlYOCK6ErWdxPotiFWZAiXLmcyleJSOoYExonhQHXr1i9+qKuvUI3V+2PETA6D4tw+7SS0wujQiDx3qe94l4ZDeHdd84FSnes2d6pr4vsxFGVHrvdJ1z2piBiLbfT4Vth2aRT2Obao5eK/7EiC3cmtMAcwS8MXQj5pM2ReMk61oqn7Bk3DnPqrZkhNoql/HzGTIv//29U4SqUsAiptEpBT4eyR9/5jFYVa/xHaCfsI/IGKGKmupqbPHHNvdSzvXj1PaqxChSH2qrJyUWfnAMuCMkBgOuQnpd2D20Ie7NVJLbAzo2NU9ouMEIwKqYSbbmOjCXaJppUMURwde3zjSKH1JPlTM4Fedt7IYpxZ6xNrTqO6XHy4dSQN3Xi35K5chn9sPqV+Aqxz1mOaUtaQY3FVj5Mo62TaWi9NgUT4kInAdzBLh0wwHYkrbWDFVnvvC4Akwe0TsNnHkTSyf6LjXaaiEYon78/ujjqFQiBMX8roct9bbfwTVDt8hzAYFPzgcjXBZp1ZKrB/Ouwik6qMlziroHrQBxZ7j4Yc/kvtyen+GhMxpJqHRgv8mEDu0yDSGTVdSCh6K+cQ+CVaCQ/pcFPNh+3oGMOK+e1HOif16REwmO06vcHax/52YbR4nASr8tc3j5pfZoWgULQqVaoIkws3KznRvJTQWxb86A8jOrYAqOKTqbqzcPUG22hKRM+67B6265NQVTmdbVuEwUe0luhSV8/b+lX4m00lCJbFtoj5FKYOa1CJIA90uoCwEW9fEQRkUXFM878NAHFVvVuRhV0TRpZ2PsWCqmCr7O4UXvD0dwVPOIZKZblZvAr6/orJpFugmKUfW1NEnVs+Nd3HQYsvZ8ShPKQ87gRMASc25Ay8xR3Iku/IdvoLIYj3XeIhmMGwsIMJuOnz6BqnoEWGIdQ1/1ec4JFp6OEvmpv0y/R9FEVERN+MHzdXCuSlilmjjMxxWDcd8qDvwwcToijnznQNGeNLe3kISgJBtk59sbeGIhESokXqloqW1B5QRkzd1DzeFIyq9pq5Ra1eyHrOnKiasmnvtCgjCZD5vOeXyeSndnYZsdMjey/gjwK0PtAC3xH6B2SI1EjBHLJ1zRw9elo+J4SnPdSioGddOASWwaig7tykD5qxMzUj+5LB5BD7iwXbQHrZORHed7FaeOBZG94dMkRumxQ+gNGXbxny42aaGcJcIFFyixiQ6ghtc9WeEEo6uErLWLDFhEgh179D1gnTjyZ5NK99lLFoNW2GFa0imh2VkwBYPZYXsQn9sVVvRJ2Az6z8ua8U6wNL8ZZPjscD/0Qep/P7HHk8M/EbfDMpDPhPy6hCU4EFM3qlgckWZ3U8FtcvD4+7awyuSMRhtIFDAUBthJj5bJkcRQKq8uDOX0gDc1ZzeeG/IcmUAuUHENYY3M6cUiDKbYJuFbv7nSJwin+WmokoLs4fDCdHEwLjtSNocf9OUNZsM0JjjHAmnBKT1dpXI8g5SkJZLZNLF5B1k5ImvcS/2qOu/RKHElUz5EAA+uXpW66HBEupVunZ2k+QzkAB8tevcmRisjzA5zc3eLjMAM2wAUV42h8rILBt568Ey+jsLcLwlEIAAAAA2/n+fX76bupc3l+rSqajEoqL/gAABCPEp3NQ5FDwdqAcPwn07wkYAAA==\" alt=\"\" width=\"1110\" height=\"1065\"></p>', 1, 'test country', 10000, 380000, 2);

-- --------------------------------------------------------

--
-- Table structure for table `roles`
--

CREATE TABLE `roles` (
  `id` int(11) UNSIGNED NOT NULL,
  `name` varchar(30) DEFAULT NULL
) ENGINE=InnoDB DEFAULT CHARSET=utf8mb4;

--
-- Dumping data for table `roles`
--

INSERT INTO `roles` (`id`, `name`) VALUES
(1, 'Admin'),
(2, 'User');

-- --------------------------------------------------------

--
-- Table structure for table `users`
--

CREATE TABLE `users` (
  `id` int(11) UNSIGNED NOT NULL,
  `email` varchar(30) NOT NULL,
  `account_name` varchar(30) NOT NULL,
  `password` varchar(32) NOT NULL,
  `role_id` int(11) UNSIGNED DEFAULT NULL
) ENGINE=InnoDB DEFAULT CHARSET=utf8mb4;

--
-- Dumping data for table `users`
--

INSERT INTO `users` (`id`, `email`, `account_name`, `password`, `role_id`) VALUES
(1, 'thuan14869@gmail.com', 'thuan', '827ccb0eea8a706c4c34a16891f84e7b', 1),
(2, 'Nguyendu@gmail.com', 'Nguyendu', '827ccb0eea8a706c4c34a16891f84e7b', 1),
(3, 'Nguyendu2k1@gmail.com', 'nguyendu2k1', '827ccb0eea8a706c4c34a16891f84e7b', 1),
(5, 'thuan111@gmail.com', 'thuan11', '827ccb0eea8a706c4c34a16891f84e7b', 2),
(8, 'nguyendu2001@gmail.com', 'nguyendu2001', '827ccb0eea8a706c4c34a16891f84e7b', 2),
(9, 'testdn@gmail.com', 'Test', '827ccb0eea8a706c4c34a16891f84e7b', 2);

-- --------------------------------------------------------

--
-- Table structure for table `user_details`
--

CREATE TABLE `user_details` (
  `id` int(11) UNSIGNED NOT NULL,
  `user_id` int(11) UNSIGNED NOT NULL,
  `name` varchar(30) DEFAULT NULL,
  `identification_number` varchar(20) DEFAULT NULL,
  `phone_number` varchar(12) DEFAULT NULL,
  `address` varchar(60) DEFAULT NULL
) ENGINE=InnoDB DEFAULT CHARSET=utf8mb4;

--
-- Dumping data for table `user_details`
--

INSERT INTO `user_details` (`id`, `user_id`, `name`, `identification_number`, `phone_number`, `address`) VALUES
(1, 1, 'Vu Minh Thuan', '1634357575', '0898531409', NULL),
(2, 2, NULL, NULL, NULL, NULL),
(3, 3, 'Nguyen Dinh Du ', 'test', 'test', ''),
(4, 5, 'thuan11', NULL, '1098278881', 'Nam dinh');

--
-- Indexes for dumped tables
--

--
-- Indexes for table `brands`
--
ALTER TABLE `brands`
  ADD PRIMARY KEY (`id`);

--
-- Indexes for table `categories`
--
ALTER TABLE `categories`
  ADD PRIMARY KEY (`id`);

--
-- Indexes for table `orders`
--
ALTER TABLE `orders`
  ADD PRIMARY KEY (`id`),
  ADD KEY `user_id` (`user_id`);

--
-- Indexes for table `order_details`
--
ALTER TABLE `order_details`
  ADD PRIMARY KEY (`id`),
  ADD KEY `product_id` (`product_id`),
  ADD KEY `order_id` (`order_id`);

--
-- Indexes for table `products`
--
ALTER TABLE `products`
  ADD PRIMARY KEY (`id`),
  ADD KEY `category_id` (`category_id`),
  ADD KEY `brand_id` (`brand_id`);

--
-- Indexes for table `roles`
--
ALTER TABLE `roles`
  ADD PRIMARY KEY (`id`);

--
-- Indexes for table `users`
--
ALTER TABLE `users`
  ADD PRIMARY KEY (`id`),
  ADD UNIQUE KEY `email_3` (`email`),
  ADD UNIQUE KEY `account_name` (`account_name`),
  ADD KEY `role_id` (`role_id`),
  ADD KEY `email` (`email`),
  ADD KEY `account_name_2` (`account_name`);

--
-- Indexes for table `user_details`
--
ALTER TABLE `user_details`
  ADD PRIMARY KEY (`id`),
  ADD KEY `user_id` (`user_id`),
  ADD KEY `phone_number` (`phone_number`);

--
-- AUTO_INCREMENT for dumped tables
--

--
-- AUTO_INCREMENT for table `brands`
--
ALTER TABLE `brands`
  MODIFY `id` int(11) UNSIGNED NOT NULL AUTO_INCREMENT, AUTO_INCREMENT=8;

--
-- AUTO_INCREMENT for table `categories`
--
ALTER TABLE `categories`
  MODIFY `id` int(11) UNSIGNED NOT NULL AUTO_INCREMENT, AUTO_INCREMENT=3;

--
-- AUTO_INCREMENT for table `orders`
--
ALTER TABLE `orders`
  MODIFY `id` int(11) UNSIGNED NOT NULL AUTO_INCREMENT, AUTO_INCREMENT=12;

--
-- AUTO_INCREMENT for table `order_details`
--
ALTER TABLE `order_details`
  MODIFY `id` int(11) UNSIGNED NOT NULL AUTO_INCREMENT, AUTO_INCREMENT=12;

--
-- AUTO_INCREMENT for table `products`
--
ALTER TABLE `products`
  MODIFY `id` int(11) UNSIGNED NOT NULL AUTO_INCREMENT, AUTO_INCREMENT=12;

--
-- AUTO_INCREMENT for table `roles`
--
ALTER TABLE `roles`
  MODIFY `id` int(11) UNSIGNED NOT NULL AUTO_INCREMENT, AUTO_INCREMENT=3;

--
-- AUTO_INCREMENT for table `users`
--
ALTER TABLE `users`
  MODIFY `id` int(11) UNSIGNED NOT NULL AUTO_INCREMENT, AUTO_INCREMENT=11;

--
-- AUTO_INCREMENT for table `user_details`
--
ALTER TABLE `user_details`
  MODIFY `id` int(11) UNSIGNED NOT NULL AUTO_INCREMENT, AUTO_INCREMENT=5;

--
-- Constraints for dumped tables
--

--
-- Constraints for table `orders`
--
ALTER TABLE `orders`
  ADD CONSTRAINT `orders_ibfk_1` FOREIGN KEY (`user_id`) REFERENCES `users` (`id`) ON DELETE NO ACTION ON UPDATE CASCADE;

--
-- Constraints for table `order_details`
--
ALTER TABLE `order_details`
  ADD CONSTRAINT `order_details_ibfk_1` FOREIGN KEY (`product_id`) REFERENCES `products` (`id`),
  ADD CONSTRAINT `order_details_ibfk_2` FOREIGN KEY (`order_id`) REFERENCES `orders` (`id`);

--
-- Constraints for table `products`
--
ALTER TABLE `products`
  ADD CONSTRAINT `products_ibfk_1` FOREIGN KEY (`category_id`) REFERENCES `categories` (`id`) ON DELETE CASCADE ON UPDATE CASCADE,
  ADD CONSTRAINT `products_ibfk_2` FOREIGN KEY (`brand_id`) REFERENCES `brands` (`id`);

--
-- Constraints for table `users`
--
ALTER TABLE `users`
  ADD CONSTRAINT `users_ibfk_1` FOREIGN KEY (`role_id`) REFERENCES `roles` (`id`) ON DELETE CASCADE ON UPDATE CASCADE;

--
-- Constraints for table `user_details`
--
ALTER TABLE `user_details`
  ADD CONSTRAINT `user_details_ibfk_1` FOREIGN KEY (`user_id`) REFERENCES `users` (`id`);
COMMIT;

/*!40101 SET CHARACTER_SET_CLIENT=@OLD_CHARACTER_SET_CLIENT */;
/*!40101 SET CHARACTER_SET_RESULTS=@OLD_CHARACTER_SET_RESULTS */;
/*!40101 SET COLLATION_CONNECTION=@OLD_COLLATION_CONNECTION */;
